Time (seconds),Validator 1,Validator 2,Validator 3,Validator 4
1,9,0,0,1
2,3,1,8,1
3,16,5,9,10
4,5,5,0,5
5,6,1,2,5
6,1,1,0,5
7,1,2,2,9
8,7,9,0,12
9,6,1,3,1
10,0,4,4,1
11,2,3,2,5
12,5,2,3,6
13,3,2,2,1
14,0,1,1,1
15,2,1,2,5
16,2,0,0,1
17,8,7,5,1
18,1,1,2,8
19,12,0,8,2
20,3,4,1,3
21,2,4,3,2
22,1,12,3,3
23,0,2,4,4
24,2,4,1,1
25,2,1,3,1
26,7,2,2,9
27,7,5,5,1
28,1,7,0,1
29,1,1,3,1
30,4,2,17,6
31,1,4,1,2
32,1,7,1,4
33,2,1,1,8
34,5,4,5,3
35,1,0,0,6
36,2,1,1,9
37,7,5,0,1
38,5,1,2,16
39,0,0,0,4
40,1,1,1,4
41,1,4,7,1
42,5,1,7,1
43,4,1,1,3
44,5,1,1,1
45,0,1,2,8
46,3,4,1,9
47,10,2,4,3
48,1,4,6,1
49,18,9,1,2
50,8,0,0,7
51,0,1,1,1
52,1,2,2,2
53,1,6,8,9
54,4,1,5,1
55,7,4,3,0
56,1,4,2,8
57,3,6,1,6
58,4,1,1,1
59,0,0,0,1
60,1,2,4,9
61,9,3,4,20
62,1,1,1,2
63,1,2,5,8
64,8,4,4,0
65,0,4,0,0
66,2,1,1,1
67,0,1,1,4
68,2,4,5,0
69,2,1,0,1
70,1,1,1,5
71,8,20,4,8
72,1,1,1,1
73,1,2,0,1
74,2,1,2,6
75,0,6,15,4
76,2,0,0,0
77,2,1,4,0
78,4,9,2,2
79,1,14,10,7
80,1,1,2,0
81,0,1,1,1
82,1,1,5,7
83,9,6,3,0
84,1,0,1,0
85,5,1,1,1
86,2,3,8,9
87,1,0,2,2
88,1,3,1,1
89,1,3,5,1
90,7,0,5,6
91,8,0,0,6
92,0,3,2,0
93,1,2,1,6
94,5,5,1,4
95,2,5,5,15
96,1,1,1,7
97,0,1,5,5
98,5,8,6,5
99,1,1,1,0
100,1,1,2,1
101,0,1,1,8
102,7,7,7,0
103,2,1,1,2
104,1,1,1,1
105,3,5,5,6
106,0,0,0,1
107,3,1,1,1
108,5,2,1,5
109,9,7,1,5
110,1,0,1,1
111,2,1,1,1
112,11,6,2,12
113,6,1,5,6
114,1,0,0,1
115,4,1,2,1
116,4,1,5,4
117,4,4,1,5
118,2,3,0,0
119,1,4,0,1
120,6,4,3,4
121,0,0,0,1
122,6,3,1,7
123,0,1,6,2
124,0,7,4,5
125,0,0,0,1
126,5,2,4,3
127,8,1,2,1
128,8,10,6,2
129,2,6,1,5
130,3,1,2,1
131,0,1,1,13
132,8,11,7,3
133,6,0,6,5
134,0,1,1,1
135,1,2,2,5
136,11,4,1,1
137,5,1,3,2
138,1,1,1,1
139,4,5,5,4
140,4,3,4,0
141,2,2,0,1
142,0,1,0,3
143,5,17,7,13
144,5,1,6,1
145,2,10,0,12
146,1,9,1,1
147,7,5,10,1
148,1,1,1,0
149,1,1,1,1
150,1,4,2,7
151,6,8,1,4
152,2,1,1,1
153,1,0,3,5
154,3,0,4,4
155,0,0,1,1
156,2,1,0,1
157,0,5,1,3
158,0,4,6,5
159,1,1,0,1
160,1,1,2,4
161,5,2,5,7
162,1,9,9,1
163,2,0,0,2
164,1,3,1,3
165,1,1,5,1
166,1,5,5,4
167,4,3,1,5
168,3,2,4,1
169,5,5,2,2
170,0,0,0,0
171,7,0,0,7
172,5,1,1,1
173,0,4,4,4
174,1,3,1,4
175,5,1,3,1
176,1,1,1,4
177,5,4,13,2
178,2,4,4,4
179,1,1,0,0
180,1,3,2,1
181,7,7,4,3
182,4,1,5,1
183,1,1,1,1
184,1,8,3,5
185,5,4,1,2
186,3,0,0,0
187,1,0,0,0
188,4,8,5,7
189,5,1,4,6
190,1,1,0,1
191,1,7,1,1
192,1,5,2,1
193,2,1,1,1
194,1,1,1,14
195,1,6,3,17
196,1,2,0,1
197,1,1,1,0
198,1,1,1,0
199,4,3,3,7
200,1,1,1,1
201,1,1,1,1
202,0,5,2,2
203,1,8,5,6
204,1,1,1,1
205,3,3,0,1
206,5,1,1,1
207,3,1,6,11
208,4,0,1,1
209,1,4,7,3
210,2,2,2,3
211,1,6,6,10
212,2,6,1,1
213,6,1,1,5
214,1,1,2,5
215,10,1,9,6
216,7,4,1,1
217,1,1,1,1
218,1,3,4,6
219,16,5,1,3
220,5,3,0,0
221,2,1,2,2
222,1,0,4,4
223,3,5,4,4
224,0,3,4,1
225,1,0,1,1
226,6,5,1,4
227,1,0,1,4
228,2,2,4,1
229,1,2,2,5
230,14,0,3,5
231,1,1,1,1
232,3,1,1,0
233,1,3,6,3
234,11,5,4,7
235,2,0,4,0
236,1,0,2,0
237,2,3,5,1
238,1,2,5,3
239,3,2,1,0
240,0,0,0,5
241,2,1,1,5
242,1,1,4,1
243,3,1,0,1
244,1,6,1,5
245,6,5,9,1
246,5,0,0,0
247,2,1,1,5
248,4,4,1,4
249,3,4,9,3
250,4,1,1,2
251,1,4,1,5
252,1,3,6,1
253,5,3,0,3
254,2,1,1,5
255,4,0,1,1
256,4,1,6,4
257,2,3,0,1
258,3,4,1,1
259,4,1,1,1
260,4,1,2,5
261,1,0,0,4
262,4,1,0,1
263,1,1,6,0
264,5,1,2,4
265,2,5,0,4
266,3,2,4,1
267,0,1,1,4
268,8,5,4,1
269,4,1,1,4
270,0,2,4,2
271,0,3,1,5
272,5,9,9,5
273,6,1,1,1
274,1,0,2,1
275,1,2,17,8
276,4,0,0,0
277,2,3,5,1
278,3,1,1,1
279,3,10,0,5
280,1,1,1,1
281,3,1,0,1
282,5,3,3,0
283,1,8,4,3
284,1,0,4,1
285,0,0,1,1
286,1,5,1,7
287,2,4,5,0
288,2,1,0,1
289,1,1,1,0
290,4,3,2,3
291,2,1,6,2
292,2,7,0,7
293,3,4,0,0
294,2,0,2,4
295,6,1,1,1
296,2,1,1,5
297,6,2,2,0
298,4,4,7,1
299,1,4,1,5
300,3,6,1,5
301,1,1,6,1
302,4,5,1,1
303,3,7,0,1
304,4,0,0,1
305,2,2,6,1
306,2,5,4,3
307,1,6,1,4
308,1,1,0,3
309,1,18,4,4
310,8,8,1,1
311,5,1,0,1
312,1,2,3,1
313,4,4,4,1
314,5,5,0,5
315,2,1,1,2
316,1,2,5,0
317,4,12,1,4
318,5,1,0,4
319,1,0,4,1
320,1,1,1,3
321,4,2,1,1
322,2,1,0,1
323,1,1,5,1
324,7,18,14,7
325,1,4,0,1
326,1,1,4,1
327,2,3,7,7
328,8,3,2,6
329,2,0,6,1
330,2,1,1,1
331,0,4,3,8
332,2,2,2,2
333,3,0,4,1
334,1,0,1,1
335,5,2,3,3
336,3,1,9,6
337,3,1,0,1
338,1,5,0,7
339,0,0,1,3
340,2,1,4,1
341,3,11,0,10
342,6,2,2,5
343,4,5,5,6
344,7,1,1,1
345,4,2,0,1
346,3,2,1,0
347,4,2,11,1
348,1,1,1,5
349,4,0,0,1
350,5,1,5,1
351,1,4,3,6
352,5,0,0,3
353,1,1,1,1
354,0,2,5,1
355,1,1,0,1
356,3,1,1,0
357,1,1,4,2
358,0,4,1,1
359,6,2,0,1
360,1,1,5,2
361,12,6,5,6
362,1,0,0,1
363,1,1,2,0
364,0,1,4,1
365,3,7,6,7
366,1,0,0,2
367,1,0,4,1
368,1,1,2,3
369,18,1,2,3
370,2,1,1,0
371,0,0,0,0
372,0,3,1,15
373,4,0,3,1
374,2,11,4,17
375,0,0,1,1
376,5,12,4,8
377,9,0,4,1
378,2,1,1,1
379,1,5,1,6
380,1,2,2,5
381,2,1,5,1
382,2,5,1,1
383,1,1,3,4
384,5,4,7,3
385,2,6,1,1
386,1,3,0,5
387,4,1,2,4
388,2,2,4,1
389,4,2,1,1
390,6,0,11,9
391,0,0,3,4
392,1,0,1,1
393,4,5,1,4
394,4,1,5,1
395,5,3,0,1
396,0,0,0,0
397,0,2,2,4
398,1,4,15,1
399,1,5,4,7
400,3,4,0,1
401,2,3,0,4
402,1,1,4,13
403,2,2,1,3
404,7,1,1,1
405,2,2,2,1
406,6,1,8,0
407,4,8,7,12
408,5,0,1,1
409,4,1,1,1
410,1,1,3,1
411,3,1,1,7
412,7,2,1,0
413,0,0,1,1
414,5,10,0,5
415,3,0,0,1
416,1,2,1,0
417,1,5,1,1
418,7,4,1,9
419,1,0,0,0
420,1,5,2,0
421,0,10,2,0
422,3,2,2,1
423,1,8,5,0
424,1,2,2,1
425,6,4,8,6
426,1,0,4,1
427,1,4,0,5
428,10,1,1,3
429,2,2,2,1
430,1,1,3,1
431,1,0,0,8
432,1,2,1,2
433,1,3,6,0
434,1,7,0,6
435,0,2,0,0
436,3,1,1,1
437,0,5,3,1
438,0,1,1,0
439,1,1,1,1
440,3,4,5,9
441,1,3,0,4
442,2,2,1,1
443,3,1,2,1
444,4,5,8,5
445,4,0,0,1
446,0,1,1,0
447,1,1,8,1
448,9,1,8,7
449,1,1,0,1
450,1,1,1,1
451,0,4,4,1
452,3,0,1,1
453,1,1,0,1
454,0,0,5,2
455,7,7,0,8
456,0,8,1,1
457,1,3,5,0
458,7,5,7,1
459,8,4,4,3
460,2,1,0,1
461,1,0,1,1
462,5,1,2,5
463,3,3,7,3
464,2,1,5,1
465,5,4,7,5
466,1,1,4,3
467,0,1,1,1
468,4,3,4,5
469,0,1,0,0
470,4,3,2,1
471,1,1,5,2
472,11,10,1,11
473,0,1,2,0
474,3,4,2,5
475,10,6,4,6
476,4,1,1,1
477,1,1,1,2
478,7,7,4,5
479,10,2,2,1
480,1,0,0,1
481,4,1,2,0
482,9,9,8,1
483,2,1,0,1
484,1,1,1,0
485,1,1,6,7
486,2,0,0,0
487,3,0,1,1
488,0,0,1,4
489,1,5,6,1
490,0,0,0,0
491,1,1,0,1
492,1,6,6,3
493,1,4,3,1
494,1,0,0,0
495,2,1,2,5
496,4,2,2,5
497,3,3,1,2
498,2,1,0,1
499,1,4,5,0
500,3,1,3,1
501,1,1,0,3
502,10,1,1,5
503,5,5,0,5
504,1,10,13,4
505,0,0,4,1
506,1,5,6,1
507,6,1,3,4
508,3,0,1,4
509,2,4,4,3
510,15,1,0,1
511,1,1,3,1
512,4,3,9,5
513,9,4,5,6
514,1,1,0,1
515,1,1,2,5
516,4,6,0,4
517,9,1,0,0
518,1,0,0,1
519,1,6,7,5
520,9,1,5,7
521,2,13,0,8
522,1,2,1,1
523,2,7,6,1
524,12,0,0,1
525,1,1,1,1
526,1,1,7,9
527,4,4,4,1
528,4,1,7,1
529,0,0,0,0
530,5,5,4,9
531,1,1,0,0
532,6,3,1,2
533,1,5,4,3
534,6,2,4,1
535,1,1,1,0
536,1,0,7,1
537,1,14,4,6
538,2,2,2,1
539,1,2,0,1
540,1,7,5,1
541,9,1,6,2
542,1,1,1,0
543,1,5,1,4
544,1,2,1,1
545,3,4,7,3
546,1,1,5,1
547,4,1,5,0
548,3,1,2,3
549,2,16,2,1
550,4,5,4,2
551,5,1,0,1
552,1,1,2,3
553,4,3,4,4
554,4,11,4,4
555,3,0,0,1
556,1,2,4,7
557,5,0,0,1
558,0,1,0,0
559,0,1,9,1
560,7,9,1,7
561,2,2,1,2
562,2,0,0,1
563,4,4,3,3
564,1,4,4,4
565,1,1,1,1
566,4,0,1,3
567,4,1,2,2
568,1,2,2,0
569,3,1,1,1
570,1,4,5,1
571,0,1,1,5
572,0,0,1,1
573,1,2,0,5
574,4,0,0,1
575,3,3,3,1
576,2,0,1,1
577,1,5,1,1
578,0,2,2,5
579,7,0,3,5
580,0,0,0,7
581,7,0,1,1
582,5,2,1,1
583,6,4,5,4
584,4,0,4,3
585,1,1,3,1
586,1,1,3,1
587,7,3,5,7
588,0,1,0,1
589,1,1,1,1
590,3,3,3,5
591,0,3,4,0
592,2,2,0,0
593,11,1,1,8
594,7,1,1,10
595,1,1,1,0
596,1,1,18,1
597,4,1,8,9
598,7,1,1,1
599,2,2,1,1
600,1,3,7,1
601,7,0,5,4
602,3,1,1,1
603,1,0,1,6
604,0,5,5,6
605,1,1,2,0
606,2,2,1,1
607,0,7,4,5
608,4,0,1,1
609,1,0,1,1
610,3,4,1,1
611,1,5,5,1
612,3,2,2,1
613,0,0,0,1
614,2,5,1,1
615,5,1,3,0
616,3,3,4,1
617,1,1,3,8
618,4,3,5,0
619,1,3,11,1
620,2,2,1,1
621,2,5,4,4
622,5,4,1,1
623,0,1,1,2
624,3,4,1,1
625,4,1,0,1
626,0,1,4,4
627,1,4,4,5
628,5,0,0,1
629,0,1,1,2
630,1,4,0,1
631,6,1,0,0
632,0,1,0,1
633,4,4,6,5
634,0,1,1,1
635,1,1,4,1
636,1,0,0,10
637,3,9,8,4
638,4,0,1,4
639,2,1,1,1
640,1,1,1,5
641,6,1,5,1
642,1,1,1,0
643,1,1,1,0
644,8,11,6,1
645,5,2,2,1
646,1,1,1,0
647,3,0,2,2
648,2,2,2,4
649,0,1,1,1
650,2,2,0,1
651,1,4,4,4
652,6,2,9,4
653,0,4,1,2
654,3,2,1,3
655,0,1,4,5
656,4,5,4,4
657,2,0,1,1
658,1,1,5,0
659,6,4,4,0
660,3,4,4,4
661,12,1,4,1
662,6,1,4,8
663,1,2,2,4
664,4,4,0,1
665,1,4,4,3
666,5,0,0,1
667,2,2,3,6
668,5,5,4,1
669,1,0,1,1
670,3,0,1,1
671,0,5,4,1
672,4,1,0,1
673,2,1,0,3
674,5,4,3,0
675,1,1,4,0
676,1,1,1,0
677,0,2,1,4
678,3,1,3,5
679,4,1,0,5
680,2,1,1,1
681,1,1,2,5
682,2,10,6,1
683,1,1,0,0
684,1,0,1,1
685,1,5,8,11
686,5,6,2,5
687,1,0,0,0
688,1,1,1,1
689,0,4,4,5
690,1,1,0,1
691,1,2,0,0
692,1,4,2,5
693,8,5,4,5
694,1,1,0,0
695,1,1,1,0
696,1,3,5,3
697,3,4,4,1
698,1,1,0,1
699,4,1,0,0
700,5,6,2,1
701,3,3,3,2
702,2,6,2,1
703,0,1,1,5
704,0,1,5,1
705,4,0,0,0
706,3,4,0,5
707,9,0,0,1
708,3,3,2,1
709,3,1,2,2
710,3,2,5,1
711,1,4,1,1
712,5,3,4,1
713,2,4,1,4
714,4,1,5,1
715,1,1,2,4
716,6,5,4,5
717,2,2,6,5
718,1,0,0,1
719,0,2,1,1
720,1,3,4,4
721,5,1,1,0
722,1,0,1,1
723,1,3,6,3
724,1,1,0,4
725,2,2,1,1
726,1,1,1,1
727,2,6,3,3
728,4,1,1,0
729,2,1,1,1
730,1,1,4,6
731,3,2,5,6
732,2,1,1,0
733,1,4,1,0
734,1,7,6,3
735,5,0,2,0
736,1,1,1,0
737,1,1,1,4
738,6,0,3,7
739,0,0,1,0
740,0,1,1,0
741,1,5,1,1
742,4,3,3,2
743,1,0,0,0
744,1,7,6,1
745,4,1,4,1
746,3,3,3,1
747,1,1,0,1
748,1,1,1,4
749,1,1,4,1
750,4,3,4,1
751,2,2,0,2
752,6,1,6,0
753,0,0,4,1
754,9,0,0,1
755,6,4,0,0
756,1,0,1,1
757,1,0,3,5
758,2,5,6,1
759,0,1,0,1
760,0,1,4,0
761,4,4,3,4
762,4,3,4,0
763,0,0,1,0
764,1,1,8,1
765,3,8,7,1
766,1,1,1,3
767,0,0,7,3
768,0,6,1,4
769,5,2,2,1
770,2,1,1,0
771,0,0,2,1
772,2,5,7,3
773,1,1,1,0
774,2,2,0,1
775,1,7,1,1
776,12,5,4,10
777,1,0,0,0
778,1,1,1,5
779,2,7,4,3
780,2,1,1,2
781,1,5,0,0
782,3,1,6,3
783,5,3,1,4
784,1,1,1,11
785,3,4,0,4
786,3,1,1,4
787,2,1,4,1
788,2,1,4,1
789,5,1,2,5
790,1,1,10,1
791,1,1,1,3
792,5,5,5,4
793,4,0,1,0
794,2,2,0,1
795,1,1,1,4
796,1,0,5,4
797,1,1,1,3
798,1,9,4,6
799,5,4,5,6
800,4,1,0,1
801,2,2,2,1
802,2,2,2,5
803,2,2,4,0
804,1,1,1,0
805,0,1,1,4
806,4,8,7,1
807,5,1,1,1
808,0,0,0,1
809,2,1,1,6
810,0,0,5,0
811,1,1,0,1
812,1,1,1,3
813,2,6,7,1
814,5,0,0,0
815,2,1,1,1
816,3,7,7,1
817,1,3,5,1
818,1,1,0,0
819,1,0,1,1
820,0,5,3,3
821,4,2,1,0
822,1,1,0,0
823,0,5,1,1
824,1,2,3,2
825,2,1,0,1
826,2,5,0,0
827,3,1,2,1
828,7,1,4,5
829,1,1,1,0
830,1,4,0,5
831,6,1,2,1
832,4,3,3,2
833,2,10,2,1
834,1,0,3,1
835,4,4,1,4
836,8,2,0,1
837,0,0,1,1
838,2,0,3,0
839,0,2,1,4
840,6,0,1,3
841,2,1,0,3
842,1,0,0,1
843,3,3,3,1
844,1,5,4,1
845,2,1,0,0
846,1,1,1,3
847,4,5,3,5
848,2,1,5,1
849,0,1,0,9
850,0,1,2,1
851,1,7,3,3
852,6,1,1,1
853,1,0,1,0
854,2,1,3,9
855,1,1,0,5
856,9,1,1,0
857,0,0,2,0
858,1,5,3,2
859,0,0,0,0
860,2,2,1,1
861,1,1,1,5
862,5,2,7,8
863,4,1,1,1
864,0,1,2,4
865,1,4,9,1
866,3,4,1,5
867,4,1,0,1
868,1,1,0,5
869,0,1,4,4
870,9,1,4,4
871,1,1,0,1
872,0,4,1,5
873,6,1,2,1
874,1,0,0,0
875,4,3,1,5
876,2,1,4,1
877,4,0,4,4
878,1,1,1,1
879,3,6,0,7
880,0,1,0,2
881,3,4,3,2
882,1,1,1,4
883,3,3,1,0
884,6,11,1,1
885,2,2,2,1
886,3,1,0,1
887,0,0,0,0
888,0,1,2,0
889,1,4,4,4
890,2,1,4,0
891,3,0,1,0
892,2,1,3,1
893,2,3,1,4
894,3,1,1,1
895,1,1,1,1
896,3,4,3,5
897,1,1,4,2
898,5,1,0,6
899,0,1,3,1
900,1,7,10,1
901,4,0,0,3
902,0,1,2,0
903,2,1,2,7
904,4,1,8,8
905,1,1,1,1
906,0,4,0,1
907,0,3,5,4
908,1,1,1,0
909,4,1,1,1
910,1,3,1,5
911,5,1,4,5
912,2,1,1,1
913,1,1,2,1
914,1,5,14,6
915,3,3,3,1
916,1,1,1,1
917,1,1,6,0
918,1,1,1,4
919,8,2,2,1
920,1,1,3,4
921,4,4,2,3
922,0,0,1,3
923,6,3,3,3
924,0,4,5,1
925,5,2,1,1
926,0,1,0,3
927,10,6,7,4
928,0,1,0,0
929,0,1,2,1
930,1,1,3,3
931,3,6,2,7
932,1,0,1,1
933,2,1,1,1
934,4,1,1,11
935,3,3,4,1
936,2,1,0,1
937,3,0,1,0
938,3,5,6,5
939,1,3,1,0
940,2,2,1,0
941,1,6,2,4
942,0,1,5,3
943,1,1,1,1
944,6,2,0,0
945,2,6,5,5
946,5,4,1,4
947,0,1,1,1
948,3,4,0,5
949,1,1,3,7
950,6,4,0,4
951,4,0,1,1
952,1,1,5,0
953,3,1,5,3
954,2,5,1,2
955,5,5,1,3
956,1,1,1,0
957,1,1,3,6
958,2,2,1,5
959,1,1,5,0
960,0,1,0,0
961,7,0,1,1
962,6,6,0,4
963,3,0,0,0
964,1,1,1,1
965,0,2,3,4
966,3,1,4,4
967,2,1,1,0
968,0,1,1,4
969,1,9,3,4
970,1,1,1,2
971,1,0,0,0
972,7,1,10,1
973,4,4,11,1
974,1,1,1,1
975,0,1,1,0
976,2,5,1,1
977,1,0,0,0
978,2,2,1,1
979,4,5,1,2
980,1,1,6,4
981,1,0,0,1
982,4,1,1,1
983,0,4,0,9
984,4,2,3,1
985,1,3,0,1
986,12,5,5,1
987,1,1,3,6
988,0,3,2,1
989,0,0,0,1
990,11,6,4,1
991,1,1,1,1
992,3,1,3,4
993,4,2,1,4
994,1,2,0,4
995,1,1,1,4
996,4,3,4,1
997,2,1,4,1
998,2,1,1,1
999,1,5,1,0
1000,2,9,3,3
1001,0,1,0,0
1002,0,1,1,1
1003,7,7,1,3
1004,2,1,5,0
1005,2,1,0,0
1006,1,1,1,1
1007,3,6,2,10
1008,4,1,1,5
1009,1,1,1,0
1010,1,7,1,1
1011,4,4,6,2
1012,1,5,0,1
1013,2,1,0,1
1014,3,4,2,7
1015,1,4,4,6
1016,1,1,1,1
1017,0,0,0,0
1018,1,4,6,5
1019,2,2,1,2
1020,2,1,0,0
1021,5,1,0,0
1022,0,1,1,5
1023,4,1,0,1
1024,2,2,3,1
1025,0,1,2,4
1026,4,4,1,4
1027,1,2,1,1
1028,5,6,1,4
1029,3,2,1,7
1030,4,4,4,2
1031,3,6,1,2
1032,3,0,4,1
1033,1,1,1,3
1034,2,2,1,1
1035,7,5,2,4
1036,1,1,1,4
1037,1,1,5,4
1038,1,4,1,0
1039,4,1,3,3
1040,0,0,0,1
1041,1,2,3,4
1042,4,4,0,4
1043,2,1,1,3
1044,1,1,4,4
1045,5,6,2,2
1046,2,1,7,5
1047,3,1,0,1
1048,1,1,1,3
1049,10,5,5,4
1050,1,1,1,0
1051,0,0,1,6
1052,20,2,2,13
1053,1,0,4,0
1054,1,0,1,0
1055,3,7,1,1
1056,5,2,6,5
1057,0,0,1,0
1058,1,1,1,1
1059,2,6,4,4
1060,1,5,7,7
1061,1,4,1,10
1062,0,0,0,1
1063,3,1,8,1
1064,6,4,3,0
1065,4,4,0,0
1066,5,4,5,1
1067,0,1,2,2
1068,0,0,0,2
1069,3,6,0,1
1070,4,0,1,20
1071,1,3,4,4
1072,1,1,0,1
1073,1,5,1,1
1074,1,1,5,11
1075,1,5,4,1
1076,5,4,2,9
1077,6,3,3,5
1078,3,2,3,6
1079,2,4,2,4
1080,11,5,0,0
1081,0,1,3,1
1082,1,1,3,1
1083,1,5,1,1
1084,0,1,4,1
1085,0,2,0,1
1086,2,0,2,1
1087,5,4,0,0
1088,3,1,4,1
1089,1,1,0,1
1090,2,6,2,1
1091,1,0,3,1
1092,0,1,1,1
1093,1,1,15,5
1094,5,2,4,4
1095,1,0,1,3
1096,1,0,1,0
1097,1,6,6,4
1098,5,4,6,4
1099,2,2,0,1
1100,1,1,2,1
1101,7,1,1,3
1102,0,1,6,5
1103,1,2,0,1
1104,3,5,1,3
1105,1,0,10,5
1106,0,1,0,5
1107,2,1,0,1
1108,6,1,2,6
1109,4,4,1,3
1110,1,6,1,1
1111,1,4,1,1
1112,1,1,5,7
1113,19,2,0,5
1114,4,3,1,1
1115,4,1,6,1
1116,0,1,3,3
1117,0,0,1,1
1118,3,5,1,1
1119,2,4,2,2
1120,2,1,1,3
1121,1,3,1,1
1122,0,6,0,5
1123,5,1,4,3
1124,1,3,2,1
1125,4,5,4,5
1126,4,1,4,6
1127,1,0,1,1
1128,3,1,2,1
1129,3,10,5,4
1130,1,1,4,0
1131,0,0,1,1
1132,0,4,3,1
1133,2,7,5,6
1134,1,1,1,1
1135,1,0,3,1
1136,2,6,3,3
1137,0,0,1,0
1138,1,1,0,0
1139,1,1,2,7
1140,7,4,0,10
1141,2,1,1,2
1142,1,4,1,6
1143,5,2,1,6
1144,5,0,7,1
1145,1,1,1,1
1146,1,2,2,0
1147,2,1,4,4
1148,1,0,0,1
1149,2,3,1,1
1150,5,4,1,1
1151,3,2,1,4
1152,1,0,0,5
1153,2,3,0,1
1154,4,1,5,4
1155,3,1,5,3
1156,1,6,1,1
1157,7,7,4,0
1158,1,1,9,4
1159,7,4,4,1
1160,1,5,0,7
1161,1,2,4,1
1162,1,1,3,3
1163,5,4,4,3
1164,6,6,4,5
1165,0,0,4,1
1166,1,1,2,4
1167,1,1,1,1
1168,2,2,5,1
1169,1,1,2,1
1170,3,3,3,3
1171,5,0,0,0
1172,1,1,4,0
1173,1,1,1,6
1174,3,10,1,6
1175,2,5,4,7
1176,0,1,1,0
1177,1,1,1,6
1178,1,3,2,6
1179,1,1,1,1
1180,1,1,3,1
1181,2,4,10,1
1182,1,1,4,0
1183,1,1,0,1
1184,0,6,1,8
1185,5,3,2,0
1186,0,0,4,0
1187,2,1,0,4
1188,5,4,3,3
1189,4,5,6,1
1190,1,1,1,3
1191,4,4,1,1
1192,2,2,6,1
1193,2,3,0,1
1194,1,1,0,5
1195,3,4,1,0
1196,3,1,5,1
1197,0,1,2,0
1198,3,4,1,4
1199,1,1,1,1
1200,2,2,6,3
1201,3,1,1,4
1202,5,6,0,1
1203,1,1,5,2
1204,3,3,0,1
1205,1,4,1,0
1206,3,1,3,1
1207,0,1,10,5
1208,3,3,3,5
1209,5,1,0,3
1210,1,0,1,0
1211,0,1,1,2
1212,3,6,5,1
1213,0,1,0,1
1214,1,0,4,1
1215,0,1,1,8
1216,4,4,0,0
1217,1,1,0,1
1218,2,0,1,1
1219,3,3,4,1
1220,4,1,7,1
1221,1,1,3,0
1222,1,2,2,1
1223,7,7,1,3
1224,1,9,1,1
1225,1,0,1,0
1226,1,2,2,3
1227,19,0,2,2
1228,1,1,4,1
1229,0,0,0,4
1230,4,4,3,1
1231,1,0,1,1
1232,2,1,1,0
1233,1,1,1,1
1234,1,3,3,3
1235,1,0,1,1
1236,1,1,1,4
1237,6,5,1,3
1238,3,0,4,1
1239,5,2,2,4
1240,1,1,0,0
1241,4,3,1,1
1242,4,0,7,4
1243,1,6,1,1
1244,1,5,1,0
1245,1,4,4,4
1246,2,1,2,2
1247,4,1,1,1
1248,5,0,1,1
1249,0,0,4,1
1250,1,1,0,5
1251,1,5,0,0
1252,1,1,1,1
1253,9,0,4,4
1254,0,0,0,5
1255,5,1,1,1
1256,0,1,9,4
1257,2,2,2,6
1258,3,7,0,0
1259,1,1,0,1
1260,1,1,1,7
1261,5,3,4,1
1262,5,1,0,1
1263,1,0,5,1
1264,1,6,1,5
1265,5,4,0,0
1266,2,1,5,1
1267,2,1,3,3
1268,2,2,3,1
1269,3,0,0,1
1270,0,1,1,1
1271,2,7,2,1
1272,1,1,4,2
1273,1,0,4,0
1274,0,1,3,4
1275,8,0,7,1
1276,1,1,4,1
1277,1,1,1,1
1278,1,4,3,5
1279,4,8,5,6
1280,2,1,4,1
1281,0,1,0,1
1282,3,1,1,3
1283,0,0,4,0
1284,0,0,0,0
1285,1,4,1,1
1286,4,4,5,1
1287,1,0,1,3
1288,1,4,2,0
1289,6,5,3,1
1290,1,2,5,2
1291,1,1,1,5
1292,1,4,1,1
1293,1,4,5,1
1294,2,2,6,4
1295,3,1,0,1
1296,5,5,3,0
1297,3,3,2,2
1298,2,0,0,1
1299,3,5,1,0
1300,7,1,4,3
1301,3,2,1,3
1302,0,4,0,5
1303,4,18,1,1
1304,1,1,5,4
1305,5,6,5,4
1306,1,1,0,1
1307,1,1,1,1
1308,1,1,3,0
1309,9,5,3,1
1310,5,4,0,1
1311,0,0,1,1
1312,1,2,1,7
1313,3,7,1,4
1314,2,1,0,0
1315,1,0,4,1
1316,7,0,1,5
1317,2,2,0,0
1318,0,1,4,0
1319,1,0,1,0
1320,5,0,2,3
1321,1,1,1,1
1322,1,1,1,5
1323,1,1,2,5
1324,5,6,3,1
1325,1,0,4,3
1326,2,1,1,0
1327,4,5,1,4
1328,3,3,3,1
1329,2,1,1,4
1330,0,0,1,1
1331,0,2,2,2
1332,1,0,5,7
1333,2,1,1,4
1334,3,1,1,1
1335,2,2,4,1
1336,1,1,0,0
1337,1,1,2,0
1338,1,1,4,1
1339,2,2,1,7
1340,1,1,0,7
1341,6,5,0,1
1342,1,2,6,1
1343,5,1,4,8
1344,2,3,1,1
1345,1,1,1,1
1346,1,1,6,8
1347,1,0,0,1
1348,5,1,1,1
1349,4,1,2,2
1350,1,1,1,1
1351,4,5,0,0
1352,1,1,2,5
1353,2,2,1,6
1354,4,3,1,5
1355,1,1,1,4
1356,1,1,1,5
1357,4,4,1,1
1358,2,4,0,0
1359,2,1,1,1
1360,0,1,2,4
1361,3,6,4,1
1362,1,1,5,2
1363,1,1,6,0
1364,1,11,6,16
1365,7,8,3,0
1366,4,1,1,4
1367,0,1,1,5
1368,1,5,5,1
1369,2,0,0,1
1370,3,0,3,1
1371,0,0,0,1
1372,10,6,3,1
1373,1,1,1,1
1374,0,1,1,3
1375,1,1,1,5
1376,4,3,3,1
1377,2,1,0,4
1378,1,0,1,1
1379,5,5,3,4
1380,2,2,5,2
1381,1,5,0,5
1382,4,1,2,0
1383,1,1,1,5
1384,2,2,4,3
1385,1,1,0,0
1386,1,4,0,0
1387,2,1,7,1
1388,1,1,0,5
1389,4,1,0,1
1390,3,1,1,1
1391,4,0,7,4
1392,0,5,0,1
1393,5,5,1,1
1394,1,1,1,10
1395,4,3,1,9
1396,3,1,0,1
1397,1,0,0,1
1398,0,2,5,1
1399,3,2,2,1
1400,6,4,1,1
1401,1,1,1,3
1402,0,5,5,3
1403,2,5,1,3
1404,3,1,1,4
1405,1,0,4,1
1406,4,3,0,1
1407,4,3,0,0
1408,1,1,5,6
1409,1,3,1,4
1410,9,1,3,5
1411,3,1,1,1
1412,0,0,1,4
1413,1,9,4,0
1414,7,6,1,5
1415,3,1,1,0
1416,1,0,0,6
1417,3,4,1,5
1418,0,0,3,1
1419,1,1,5,0
1420,1,1,1,5
1421,3,4,4,1
1422,3,3,5,5
1423,2,3,0,1
1424,1,1,0,0
1425,4,5,1,5
1426,3,2,0,1
1427,3,1,1,1
1428,4,0,2,1
1429,2,1,2,4
1430,1,1,1,1
1431,5,1,0,1
1432,0,4,0,4
1433,2,3,6,1
1434,0,1,1,1
1435,5,6,1,1
1436,1,1,10,3
1437,0,4,5,5
1438,1,7,0,1
1439,1,5,1,4
1440,17,1,1,4
1441,4,5,3,0
1442,1,4,0,0
1443,1,2,4,4
1444,1,2,7,3
1445,1,1,1,0
1446,2,5,0,4
1447,1,1,1,1
1448,3,0,4,2
1449,6,4,2,1
1450,0,0,3,3
1451,5,1,1,1
1452,7,10,3,4
1453,1,6,4,0
1454,1,0,1,1
1455,10,1,5,1
1456,12,9,3,5
1457,1,1,5,1
1458,0,1,1,1
1459,0,1,2,3
1460,1,4,2,2
1461,2,1,0,1
1462,0,1,0,1
1463,5,7,4,4
1464,1,0,4,0
1465,1,0,1,0
1466,1,2,2,1
1467,0,8,7,9
1468,2,1,1,1
1469,1,1,4,1
1470,5,3,1,1
1471,3,3,6,5
1472,1,1,0,0
1473,0,1,1,1
1474,0,2,5,4
1475,1,0,0,1
1476,2,1,1,1
1477,3,4,1,6
1478,3,3,3,1
1479,1,0,0,1
1480,1,5,1,1
1481,1,4,5,5
1482,3,3,2,4
1483,1,1,0,1
1484,5,5,4,3
1485,4,1,9,0
1486,3,5,1,4
1487,4,1,0,1
1488,2,1,1,5
1489,0,1,1,4
1490,0,0,0,1
1491,5,5,0,5
1492,0,0,1,0
1493,2,2,1,1
1494,2,1,4,1
1495,1,0,5,5
1496,1,1,3,3
1497,3,3,0,5
1498,5,4,1,4
1499,1,1,0,1
1500,0,1,1,4
1501,9,4,4,6
1502,2,2,4,4
1503,0,1,2,1
1504,11,1,1,0
1505,8,5,2,4
1506,2,1,0,1
1507,1,1,1,1
1508,5,2,7,9
1509,0,1,0,5
1510,1,1,0,0
1511,1,1,1,1
1512,6,0,5,5
1513,1,1,0,1
1514,1,1,1,1
1515,5,3,6,1
1516,2,2,4,1
1517,2,1,1,1
1518,1,0,5,1
1519,4,5,6,0
1520,1,3,4,4
1521,3,1,0,1
1522,9,0,0,5
1523,5,4,4,4
1524,2,1,0,1
1525,5,0,1,4
1526,1,3,5,3
1527,7,0,0,1
1528,2,1,0,1
1529,1,4,6,1
1530,2,3,0,4
1531,0,0,1,0
1532,3,1,5,1
1533,1,1,4,4
1534,4,1,3,4
1535,1,6,1,5
1536,1,3,5,0
1537,0,1,1,4
1538,9,1,2,2
1539,1,6,1,4
1540,0,1,0,1
1541,1,2,2,5
1542,0,1,3,4
1543,1,5,3,1
1544,0,1,1,1
1545,3,0,3,3
1546,4,4,0,1
1547,2,1,0,1
1548,0,1,1,3
1549,5,4,4,6
1550,1,0,1,0
1551,0,1,4,4
1552,8,4,6,6
1553,1,0,5,0
1554,1,1,0,1
1555,1,1,3,1
1556,9,1,6,7
1557,1,1,0,1
1558,0,1,2,1
1559,8,2,6,3
1560,2,0,5,5
1561,2,1,0,1
1562,2,1,1,1
1563,2,8,15,1
1564,0,1,0,1
1565,1,1,1,1
1566,2,6,1,7
1567,4,4,8,2
1568,1,5,0,3
1569,1,0,0,1
1570,1,5,6,2
1571,1,4,3,3
1572,1,2,1,1
1573,9,1,5,1
1574,1,2,1,3
1575,2,2,2,2
1576,1,6,1,0
1577,1,1,5,4
1578,1,0,1,5
1579,1,2,0,1
1580,0,1,0,0
1581,0,1,3,4
1582,3,3,5,1
1583,5,1,1,3
1584,1,4,0,8
1585,1,1,1,3
1586,3,1,4,4
1587,6,4,0,3
1588,1,0,0,1
1589,0,2,1,3
1590,8,5,3,3
1591,2,4,1,5
1592,0,0,0,0
1593,0,1,1,2
1594,4,5,4,3
1595,1,2,1,1
1596,0,0,0,1
1597,5,1,2,4
1598,1,1,5,0
1599,0,1,1,1
1600,1,1,1,2
1601,10,8,5,11
1602,0,1,1,1
1603,2,2,0,1
1604,20,1,2,1
1605,5,6,1,11
1606,1,0,0,1
1607,4,1,1,1
1608,3,5,10,7
1609,3,4,0,4
1610,1,1,1,0
1611,5,0,1,4
1612,1,1,4,5
1613,0,0,0,1
1614,1,1,0,0
1615,1,6,1,2
1616,3,4,1,2
1617,1,5,1,7
1618,5,1,4,5
1619,1,1,4,1
1620,0,2,2,3
1621,1,1,0,1
1622,1,2,3,5
1623,1,1,3,0
1624,2,2,2,1
1625,6,2,1,4
1626,1,1,1,0
1627,3,2,3,1
1628,0,1,0,3
1629,1,5,4,1
1630,0,1,3,0
1631,4,0,4,5
1632,4,1,1,4
1633,1,1,1,0
1634,1,3,1,0
1635,3,4,1,4
1636,5,5,5,0
1637,1,0,0,0
1638,0,1,4,4
1639,1,3,3,3
1640,2,1,5,1
1641,0,0,0,1
1642,1,1,1,9
1643,2,8,0,6
1644,1,1,0,0
1645,0,1,1,1
1646,1,7,7,0
1647,7,0,0,0
1648,0,1,1,1
1649,6,7,4,6
1650,0,3,0,0
1651,1,1,0,0
1652,5,6,2,1
1653,9,2,6,1
1654,2,1,0,1
1655,4,0,3,1
1656,4,4,7,3
1657,3,3,2,3
1658,0,1,0,1
1659,0,0,1,3
1660,0,1,5,4
1661,0,1,0,1
1662,2,1,0,1
1663,4,1,1,1
1664,2,2,3,1
1665,5,0,3,2
1666,5,1,4,4
1667,3,1,5,1
1668,3,1,4,4
1669,1,1,0,1
1670,4,4,0,3
1671,4,1,1,4
1672,2,2,1,2
1673,7,2,11,5
1674,1,1,5,1
1675,1,1,4,1
1676,1,1,1,4
1677,6,4,0,1
1678,1,1,1,1
1679,1,2,4,3
1680,5,1,4,3
1681,3,3,5,1
1682,1,1,0,1
1683,2,0,2,2
1684,3,4,0,0
1685,1,1,0,1
1686,0,2,1,4
1687,10,3,4,4
1688,1,0,4,0
1689,1,0,1,1
1690,8,1,3,1
1691,6,8,3,9
1692,2,1,0,0
1693,1,1,2,1
1694,4,2,1,2
1695,1,0,4,1
1696,0,0,0,1
1697,6,1,2,5
1698,0,1,4,1
1699,1,4,0,0
1700,1,6,3,1
1701,3,8,4,10
1702,1,1,1,0
1703,1,1,0,1
1704,4,5,3,6
1705,1,4,8,5
1706,2,1,2,1
1707,1,1,0,3
1708,0,2,1,2
1709,5,4,4,1
1710,1,0,1,1
1711,5,5,5,7
1712,1,2,5,4
1713,3,5,3,1
1714,1,1,1,4
1715,1,5,10,4
1716,2,1,2,4
1717,5,1,0,1
1718,6,6,4,1
1719,0,1,4,2
1720,0,3,4,6
1721,1,1,0,3
1722,1,7,2,0
1723,1,1,1,5
1724,3,4,4,1
1725,7,7,0,7
1726,2,1,1,0
1727,1,1,1,3
1728,3,3,5,3
1729,2,7,0,0
1730,0,1,4,1
1731,1,1,6,3
1732,2,5,1,8
1733,5,1,1,0
1734,2,1,9,2
1735,16,1,1,3
1736,0,2,4,4
1737,2,2,5,0
1738,0,1,1,3
1739,5,8,2,4
1740,1,1,4,0
1741,0,1,0,0
1742,8,1,2,1
1743,3,4,4,11
1744,1,1,4,1
1745,1,1,0,0
1746,4,6,3,1
1747,2,3,6,3
1748,1,9,1,16
1749,0,0,0,4
1750,1,2,1,3
1751,0,0,3,0
1752,2,1,0,1
1753,4,5,1,4
1754,2,2,6,1
1755,1,1,1,2
1756,1,6,0,0
1757,3,1,1,4
1758,3,3,7,2
1759,1,1,1,1
1760,4,5,1,5
1761,3,1,6,0
1762,3,0,2,1
1763,4,2,1,5
1764,1,1,0,0
1765,1,3,4,1
1766,5,1,3,2
1767,8,7,1,0
1768,0,0,4,1
1769,2,2,1,3
1770,0,1,0,1
1771,3,0,1,5
1772,1,1,1,1
1773,2,2,2,3
1774,2,5,1,1
1775,4,1,1,1
1776,2,2,1,3
1777,3,3,3,3
1778,1,1,4,6
1779,1,1,5,1
1780,0,1,4,0
1781,6,7,0,4
1782,2,1,0,0
1783,0,0,1,1
1784,4,5,1,2
1785,0,1,4,0
1786,2,2,5,1
1787,0,1,2,2
1788,7,7,5,5
1789,1,1,3,0
1790,1,1,0,0
1791,6,5,2,5
1792,0,3,3,1
1793,1,0,4,1
1794,1,1,1,1
1795,3,2,2,7
1796,3,4,6,2
1797,1,3,1,11
1798,3,4,1,1
1799,0,3,1,4
1800,1,0,7,2
1801,2,1,0,1
1802,3,1,1,4
1803,1,1,6,3
1804,0,0,0,1
1805,3,0,0,0
1806,0,0,0,1
1807,2,1,0,2
1808,0,0,0,0
1809,1,1,1,1
1810,1,2,6,4
1811,5,2,3,4
1812,1,5,1,4
1813,1,0,1,0
1814,4,2,1,1
1815,1,0,1,0
1816,1,1,0,0
1817,1,1,4,2
1818,3,2,0,3
1819,5,4,1,4
1820,1,1,2,4
1821,0,1,2,3
1822,3,4,1,4
1823,2,1,0,1
1824,2,0,5,1
1825,8,1,1,1
1826,6,6,1,5
1827,2,3,4,4
1828,0,0,2,0
1829,3,8,4,2
1830,1,0,1,0
1831,1,0,1,0
1832,5,5,2,1
1833,13,7,3,4
1834,1,1,5,0
1835,1,1,1,0
1836,3,7,2,1
1837,4,1,4,6
1838,1,0,4,0
1839,1,0,1,0
1840,3,4,1,13
1841,3,4,0,9
1842,1,1,1,1
1843,3,1,0,1
1844,1,1,4,3
1845,2,4,2,1
1846,2,5,0,5
1847,4,5,0,6
1848,3,1,4,3
1849,0,0,0,0
1850,5,1,0,1
1851,0,1,1,3
1852,4,5,0,4
1853,5,4,1,1
1854,4,1,0,3
1855,0,4,4,2
1856,4,3,4,3
1857,5,3,1,1
1858,0,0,0,5
1859,1,3,2,1
1860,1,2,2,0
1861,1,5,1,4
1862,0,1,4,1
1863,3,2,2,1
1864,5,6,1,0
1865,1,1,2,4
1866,1,1,1,1
1867,7,4,3,1
1868,1,1,1,4
1869,1,2,7,0
1870,1,1,2,4
1871,5,5,2,1
1872,2,1,4,0
1873,1,1,1,1
1874,1,2,2,3
1875,3,4,4,4
1876,1,1,1,1
1877,0,1,1,1
1878,5,5,10,1
1879,1,12,3,7
1880,2,1,0,0
1881,4,1,1,2
1882,0,2,1,1
1883,0,1,1,1
1884,1,1,1,1
1885,4,2,1,1
1886,3,1,1,1
1887,1,0,0,1
1888,1,0,1,1
1889,2,1,2,1
1890,1,3,3,6
1891,2,1,1,1
1892,4,5,0,3
1893,0,0,4,4
1894,0,1,0,1
1895,3,1,1,1
1896,1,2,6,1
1897,3,2,3,1
1898,0,0,0,0
1899,5,4,0,4
1900,1,1,3,5
1901,3,1,3,4
1902,4,1,1,1
1903,1,1,1,8
1904,1,1,2,4
1905,2,2,1,3
1906,4,5,1,4
1907,1,1,4,1
1908,3,3,4,3
1909,4,1,0,0
1910,1,1,1,4
1911,1,1,6,3
1912,7,7,1,5
1913,2,1,3,1
1914,3,1,1,0
1915,0,0,1,6
1916,4,5,1,4
1917,1,1,3,0
1918,1,1,1,2
1919,9,7,6,1
1920,0,1,3,0
1921,1,1,0,0
1922,9,7,4,0
1923,6,8,3,5
1924,2,1,4,1
1925,1,1,0,0
1926,6,4,1,4
1927,5,1,4,6
1928,3,6,1,7
1929,1,1,1,1
1930,4,3,2,7
1931,0,13,0,3
1932,2,3,1,0
1933,4,5,2,1
1934,3,3,5,1
1935,1,1,1,0
1936,1,1,0,0
1937,4,5,1,6
1938,2,2,6,1
1939,1,0,1,1
1940,5,5,1,4
1941,4,1,4,4
1942,1,4,3,4
1943,2,1,1,0
1944,4,5,14,8
1945,0,1,4,0
1946,4,1,4,3
1947,8,5,1,3
1948,0,0,0,1
1949,1,1,1,2
1950,3,3,0,0
1951,0,1,3,4
1952,1,0,5,0
1953,4,5,4,1
1954,1,1,0,1
1955,1,1,1,1
1956,0,1,1,5
1957,0,7,0,5
1958,1,1,5,4
1959,0,1,4,0
1960,5,1,9,1
1961,1,3,3,3
1962,1,1,4,1
1963,3,5,1,2
1964,4,4,3,3
1965,1,0,0,1
1966,2,3,5,0
1967,1,1,2,1
1968,1,4,2,3
1969,2,0,5,0
1970,4,1,1,0
1971,7,5,3,1
1972,0,2,2,7
1973,1,0,4,1
1974,1,1,1,1
1975,1,1,2,5
1976,7,4,6,5
1977,1,5,0,0
1978,5,4,1,1
1979,4,1,1,3
1980,7,1,7,3
1981,3,1,1,1
1982,0,0,0,6
1983,0,0,3,1
1984,1,0,1,1
1985,4,4,1,0
1986,1,1,1,3
1987,2,2,1,3
1988,1,1,1,1
1989,2,1,1,7
1990,1,1,5,4
1991,4,4,3,1
1992,5,4,1,2
1993,0,1,12,0
1994,1,2,6,4
1995,3,6,4,0
1996,12,10,1,0
1997,2,1,4,0
1998,1,2,1,4
1999,4,4,1,1
2000,2,1,1,3
2001,1,1,1,4
2002,5,1,0,1
2003,2,2,1,5
2004,2,1,1,2
2005,5,6,5,1
2006,0,0,1,4
2007,1,0,0,0
2008,1,1,1,4
2009,1,3,1,8
2010,4,1,2,5
2011,3,5,0,1
2012,4,6,1,4
2013,10,3,3,5
2014,2,0,4,0
2015,0,0,0,0
2016,1,1,3,1
2017,2,1,3,9
2018,1,1,0,1
2019,4,4,1,1
2020,4,0,8,4
2021,3,0,4,0
2022,1,4,1,1
2023,0,1,0,6
2024,1,5,7,7
2025,3,1,2,2
2026,5,5,1,0
2027,1,1,1,11
2028,1,2,8,2
2029,3,0,0,1
2030,1,0,1,1
2031,1,3,5,3
2032,3,3,0,2
2033,5,5,2,1
2034,1,1,1,4
2035,0,0,3,3
2036,2,1,1,0
2037,2,1,1,1
2038,1,1,4,1
2039,2,4,3,4
2040,5,3,0,0
2041,0,1,1,1
2042,1,1,10,3
2043,3,6,0,3
2044,1,1,0,0
2045,0,1,4,0
2046,0,1,4,3
2047,4,4,0,0
2048,1,1,3,3
2049,1,1,1,1
2050,1,1,2,0
2051,3,0,3,2
2052,0,1,3,0
2053,2,1,1,1
2054,3,3,1,2
2055,1,0,1,1
2056,2,0,1,0
2057,0,1,1,2
2058,1,3,3,3
2059,0,7,3,15
2060,1,1,1,1
2061,7,5,5,0
2062,6,4,0,8
2063,1,1,0,0
2064,0,0,0,1
2065,1,1,9,1
2066,3,2,4,2
2067,2,1,1,1
2068,3,6,1,0
2069,1,1,8,2
2070,0,0,0,1
2071,3,1,0,0
2072,0,0,5,0
2073,2,2,2,1
2074,1,1,1,0
2075,4,4,0,2
2076,0,2,5,5
2077,3,0,3,3
2078,2,1,1,1
2079,2,1,1,5
2080,1,1,2,2
2081,3,2,2,3
2082,4,4,1,5
2083,1,1,4,1
2084,1,1,3,1
2085,3,3,3,1
2086,3,2,1,3
2087,0,0,1,0
2088,1,1,2,2
2089,4,1,0,1
2090,2,1,6,1
2091,1,0,0,1
2092,7,1,1,1
2093,3,2,1,1
2094,2,1,1,2
2095,1,4,1,2
2096,6,1,2,2
2097,1,0,4,4
2098,1,1,2,1
2099,0,0,1,5
2100,7,6,1,1
2101,2,2,1,1
2102,0,0,1,1
2103,2,4,1,8
2104,2,2,1,5
2105,1,1,1,1
2106,1,1,1,0
2107,4,1,9,3
2108,2,5,0,2
2109,2,2,0,1
2110,5,9,1,4
2111,10,2,5,1
2112,1,1,1,1
2113,4,2,0,0
2114,4,2,3,2
2115,3,3,1,2
2116,1,0,1,1
2117,1,5,0,0
2118,1,3,6,1
2119,3,3,3,1
2120,5,1,0,1
2121,4,1,0,1
2122,3,1,1,1
2123,2,2,1,2
2124,9,1,1,0
2125,1,1,1,1
2126,3,3,1,12
2127,12,6,0,5
2128,0,1,2,1
2129,1,1,1,1
2130,1,4,1,4
2131,2,1,0,5
2132,1,1,5,0
2133,9,4,3,4
2134,1,5,1,4
2135,2,1,4,1
2136,2,2,1,1
2137,2,6,1,3
2138,1,0,3,0
2139,1,1,2,1
2140,1,7,5,3
2141,6,5,3,0
2142,0,1,4,1
2143,1,1,3,1
2144,7,3,1,7
2145,2,1,4,4
2146,1,1,0,1
2147,7,1,0,0
2148,6,0,2,7
2149,0,0,0,1
2150,1,1,0,0
2151,3,4,4,6
2152,3,3,8,1
2153,1,1,1,0
2154,1,1,2,4
2155,0,1,1,3
2156,3,2,13,2
2157,1,5,1,1
2158,3,4,1,4
2159,0,2,2,1
2160,1,1,1,1
2161,2,2,0,5
2162,1,1,1,3
2163,2,2,2,1
2164,1,1,1,1
2165,4,7,1,1
2166,0,1,6,0
2167,4,1,3,6
2168,1,1,0,5
2169,1,0,1,4
2170,1,1,9,9
2171,3,4,3,1
2172,5,5,2,5
2173,3,1,7,0
2174,1,2,2,1
2175,3,3,3,4
2176,2,1,0,6
2177,0,0,4,0
2178,0,1,1,4
2179,1,0,1,5
2180,1,1,6,1
2181,0,1,2,0
2182,8,10,1,1
2183,1,1,0,0
2184,1,1,1,1
2185,5,5,1,1
2186,0,1,1,0
2187,2,1,0,0
2188,1,1,1,1
2189,7,9,4,1
2190,1,4,1,5
2191,2,2,1,1
2192,4,4,1,11
2193,9,4,3,1
2194,1,0,4,1
2195,1,2,1,1
2196,2,5,2,4
2197,3,1,3,3
2198,2,1,0,1
2199,4,4,0,4
2200,0,2,1,3
2201,5,0,4,1
2202,2,4,0,0
2203,1,1,2,6
2204,2,0,3,3
2205,1,1,0,1
2206,1,5,1,3
2207,0,2,1,6
2208,3,3,7,1
2209,1,1,0,1
2210,1,2,1,4
2211,4,1,1,4
2212,1,3,3,3
2213,5,5,2,5
2214,0,0,0,0
2215,1,1,6,4
2216,4,3,0,4
2217,1,1,1,4
2218,1,1,1,0
2219,1,5,1,2
2220,5,3,0,4
2221,2,1,3,1
2222,2,1,6,4
2223,3,3,1,3
2224,1,1,1,1
2225,2,1,1,1
2226,0,1,1,4
2227,8,9,1,5
2228,1,1,1,0
2229,1,4,4,1
2230,1,1,7,8
2231,4,6,1,8
2232,1,1,4,0
2233,2,1,2,0
2234,5,5,2,1
2235,1,0,1,1
2236,1,1,4,1
2237,1,1,1,0
2238,2,2,3,1
2239,1,6,3,1
2240,1,1,3,1
2241,6,3,3,1
2242,13,4,3,1
2243,1,1,4,1
2244,3,5,1,0
2245,0,3,3,4
2246,1,2,2,2
2247,0,4,3,0
2248,5,3,0,5
2249,1,1,2,3
2250,3,3,1,0
2251,3,1,1,5
2252,0,0,0,1
2253,1,3,6,1
2254,5,1,5,3
2255,6,5,0,1
2256,1,1,1,3
2257,2,2,6,1
2258,5,4,1,4
2259,1,1,0,1
2260,0,1,7,6
2261,3,4,1,4
2262,5,3,1,5
2263,0,1,1,1
2264,0,1,4,1
2265,8,3,0,3
2266,2,1,1,1
2267,1,1,1,1
2268,0,1,5,2
2269,4,5,0,1
2270,1,1,1,1
2271,1,1,9,2
2272,1,6,2,2
2273,1,0,0,3
2274,1,1,4,1
2275,1,8,5,4
2276,8,8,5,1
2277,1,2,0,1
2278,2,1,7,1
2279,5,6,2,5
2280,3,2,1,1
2281,1,1,0,0
2282,1,0,1,1
2283,1,5,1,4
2284,1,2,0,1
2285,1,0,5,0
2286,6,4,0,2
2287,2,3,1,3
2288,0,6,4,1
2289,1,1,1,5
2290,1,1,1,3
2291,5,2,2,2
2292,1,0,1,1
2293,5,1,0,5
2294,1,1,1,5
2295,1,3,3,3
2296,4,6,1,4
2297,0,0,0,1
2298,0,3,1,1
2299,3,6,6,5
2300,3,5,0,1
2301,1,1,1,1
2302,1,1,1,3
2303,2,0,1,5
2304,1,1,0,1
2305,1,3,1,1
2306,2,2,6,2
2307,1,6,0,4
2308,1,1,0,0
2309,1,1,1,5
2310,9,3,5,5
2311,3,1,1,5
2312,1,1,1,1
2313,0,1,1,0
2314,8,7,3,0
2315,3,1,1,1
2316,0,1,0,1
2317,6,1,1,6
2318,1,1,0,1
2319,2,0,1,0
2320,0,1,11,2
2321,5,5,2,1
2322,1,0,0,1
2323,2,1,5,1
2324,6,1,5,10
2325,3,2,3,1
2326,1,0,1,1
2327,3,1,6,2
2328,7,3,4,0
2329,3,3,0,1
2330,1,1,0,1
2331,5,0,1,4
2332,1,1,3,4
2333,1,0,1,1
2334,5,2,4,1
2335,0,4,0,6
2336,3,4,2,1
2337,4,3,1,1
2338,0,4,1,0
2339,2,1,4,4
2340,7,1,3,3
2341,3,1,4,1
2342,0,4,0,4
2343,1,1,4,1
2344,1,1,5,2
2345,3,7,1,4
2346,2,1,2,2
2347,4,3,7,1
2348,5,4,0,4
2349,1,0,1,1
2350,1,4,1,1
2351,4,1,4,0
2352,3,4,1,1
2353,1,0,0,3
2354,2,0,5,2
2355,1,5,1,1
2356,2,1,0,1
2357,1,1,1,4
2358,6,2,0,3
2359,1,3,0,1
2360,3,1,1,0
2361,1,1,4,4
2362,3,8,4,5
2363,1,1,0,0
2364,1,1,0,1
2365,3,1,5,0
2366,3,7,3,1
2367,2,1,1,1
2368,0,0,2,2
2369,3,9,1,5
2370,0,1,0,4
2371,5,1,1,0
2372,5,1,1,1
2373,5,0,3,7
2374,1,1,1,1
2375,1,2,7,1
2376,2,5,13,1
2377,3,4,4,2
2378,1,1,1,1
2379,3,1,5,1
2380,5,3,2,0
2381,3,0,8,0
2382,3,3,4,1
2383,1,5,0,4
2384,4,1,1,4
2385,1,0,5,1
2386,1,1,0,5
2387,1,5,1,3
2388,2,1,2,3
2389,5,1,6,0
2390,1,5,0,3
2391,3,1,3,4
2392,3,3,3,1
2393,5,0,0,1
2394,0,5,1,4
2395,1,6,7,1
2396,10,4,1,1
2397,2,5,0,1
2398,1,1,2,4
2399,1,6,1,3
2400,3,0,0,0
2401,1,5,1,1
2402,0,2,0,0
2403,5,11,6,1
2404,0,5,0,4
2405,6,1,0,4
2406,1,1,3,4
2407,5,4,0,4
2408,1,3,1,5
2409,1,1,1,1
2410,4,1,5,4
2411,3,7,3,7
2412,2,1,1,4
2413,1,1,4,0
2414,0,1,3,3
2415,0,4,0,0
2416,1,1,4,1
2417,8,1,1,0
2418,5,7,1,4
2419,0,6,1,4
2420,1,1,4,0
2421,0,1,1,4
2422,7,1,3,4
2423,15,1,4,1
2424,4,0,3,1
2425,1,5,1,5
2426,2,2,4,3
2427,5,0,4,0
2428,1,1,4,1
2429,2,7,1,4
2430,7,1,1,1
2431,5,2,0,0
2432,2,2,1,1
2433,3,4,4,1
2434,2,1,5,3
2435,1,1,0,3
2436,1,5,1,4
2437,3,2,6,1
2438,3,2,0,0
2439,1,4,0,4
2440,0,1,7,1
2441,6,1,6,5
2442,2,5,1,1
2443,2,0,2,4
2444,1,2,8,3
2445,0,1,1,1
2446,2,3,0,0
2447,0,1,0,3
2448,4,0,4,4
2449,0,1,1,1
2450,1,1,1,1
2451,1,2,7,1
2452,1,3,3,5
2453,1,4,1,2
2454,2,1,1,1
2455,4,1,5,3
2456,5,4,1,4
2457,1,0,1,0
2458,4,1,1,1
2459,3,4,2,1
2460,3,9,4,1
2461,1,1,4,0
2462,1,1,1,1
2463,1,1,1,5
2464,0,0,0,1
2465,4,1,4,1
2466,4,0,1,1
2467,4,9,1,8
2468,1,5,0,9
2469,6,3,4,0
2470,2,1,2,6
2471,6,1,3,5
2472,2,1,1,1
2473,6,1,1,1
2474,1,5,3,8
2475,2,3,3,4
2476,8,2,0,1
2477,0,1,1,6
2478,4,4,2,3
2479,2,3,3,1
2480,0,1,0,0
2481,1,5,1,4
2482,2,4,3,1
2483,5,0,4,1
2484,1,6,0,12
2485,1,1,1,1
2486,3,4,3,1
2487,4,0,0,1
2488,1,5,1,0
2489,1,1,9,1
2490,3,2,5,1
2491,1,1,1,5
2492,1,0,1,1
2493,9,2,2,1
2494,2,3,2,2
2495,1,3,1,5
2496,1,1,0,1
2497,4,1,4,3
2498,1,0,1,1
2499,3,2,1,1
2500,1,1,1,1
2501,5,1,1,7
2502,1,5,1,4
2503,1,1,0,2
2504,1,1,4,1
2505,1,3,3,4
2506,1,2,1,1
2507,1,1,1,1
2508,4,1,2,6
2509,4,10,0,2
2510,1,0,0,1
2511,3,1,4,0
2512,0,6,1,0
2513,4,3,6,1
2514,2,2,5,1
2515,4,1,1,3
2516,1,4,6,3
2517,1,2,1,1
2518,4,0,5,0
2519,1,1,1,9
2520,6,2,2,1
2521,0,0,3,1
2522,4,1,1,5
2523,1,4,1,5
2524,3,3,3,2
2525,3,1,4,0
2526,1,0,1,1
2527,1,1,2,4
2528,3,4,6,1
2529,0,1,0,4
2530,1,4,1,1
2531,1,1,1,4
2532,2,1,5,1
2533,2,4,0,1
2534,1,1,2,1
2535,2,2,1,4
2536,2,1,1,1
2537,1,4,0,1
2538,0,1,1,3
2539,1,3,3,3
2540,3,5,2,1
2541,0,1,0,1
2542,7,2,10,1
2543,9,3,4,4
2544,1,5,1,1
2545,0,0,0,0
2546,5,1,3,4
2547,1,1,0,0
2548,2,1,1,1
2549,6,1,8,1
2550,4,2,2,5
2551,0,3,0,0
2552,3,2,1,1
2553,4,1,4,0
2554,1,0,4,1
2555,2,1,1,1
2556,1,0,2,1
2557,5,6,1,1
2558,4,8,3,1
2559,2,1,5,1
2560,7,1,1,1
2561,5,4,1,7
2562,1,1,1,1
2563,2,1,0,1
2564,4,1,2,1
2565,3,5,3,1
2566,0,13,0,6
2567,4,1,1,0
2568,2,5,1,3
2569,6,4,1,4
2570,1,1,1,1
2571,0,1,0,1
2572,0,1,3,5
2573,2,3,3,3
2574,4,1,1,0
2575,1,4,2,1
2576,1,1,1,4
2577,2,1,5,1
2578,5,1,1,6
2579,0,0,2,3
2580,2,3,4,1
2581,3,3,1,1
2582,0,0,6,0
2583,3,0,1,2
2584,4,1,1,5
2585,1,4,1,1
2586,1,1,6,2
2587,4,4,7,1
2588,1,2,1,1
2589,1,1,1,1
2590,4,4,5,1
2591,6,3,3,5
2592,1,5,0,1
2593,1,1,1,1
2594,1,1,2,0
2595,5,6,4,4
2596,1,1,0,1
2597,1,1,3,1
2598,6,2,4,8
2599,2,10,2,1
2600,2,1,0,1
2601,1,1,4,1
2602,13,1,4,1
2603,3,2,1,1
2604,2,1,4,1
2605,4,1,1,7
2606,3,7,4,2
2607,1,1,2,1
2608,4,2,4,1
2609,4,1,1,6
2610,3,4,3,1
2611,4,1,1,1
2612,0,0,0,4
2613,1,5,4,4
2614,4,3,5,3
2615,4,1,5,4
2616,4,0,2,1
2617,1,4,2,2
2618,1,1,1,1
2619,8,1,1,5
2620,1,4,1,2
2621,3,4,4,1
2622,4,1,7,1
2623,6,1,0,8
2624,3,1,1,0
2625,7,5,0,2
2626,4,0,0,9
2627,1,4,1,5
2628,1,2,9,1
2629,2,3,0,3
2630,5,1,1,4
2631,0,1,4,2
2632,0,4,1,1
2633,4,0,1,4
2634,5,5,1,5
2635,1,1,9,1
2636,2,0,1,1
2637,4,1,1,1
2638,2,1,5,1
2639,0,1,6,1
2640,7,4,3,5
2641,1,3,0,1
2642,2,1,1,1
2643,0,1,5,3
2644,8,5,1,5
2645,1,1,1,0
2646,0,2,5,1
2647,4,16,5,6
2648,0,1,1,1
2649,1,1,0,0
2650,1,1,5,1
2651,4,4,3,4
2652,1,2,0,1
2653,2,0,1,1
2654,5,1,0,4
2655,3,3,4,1
2656,1,1,4,1
2657,1,1,4,4
2658,4,4,1,5
2659,3,1,4,4
2660,1,1,4,2
2661,4,0,0,5
2662,0,2,4,4
2663,3,3,3,3
2664,4,3,1,1
2665,1,4,1,1
2666,1,2,1,3
2667,1,0,0,0
2668,9,1,1,0
2669,0,0,2,1
2670,3,3,7,4
2671,3,1,6,5
2672,1,1,0,4
2673,1,1,1,3
2674,6,4,4,1
2675,4,0,0,2
2676,3,1,0,0
2677,0,6,6,5
2678,1,2,6,5
2679,1,4,1,4
2680,0,0,8,0
2681,4,1,4,5
2682,4,3,0,3
2683,6,1,1,1
2684,0,1,4,0
2685,5,0,6,9
2686,1,5,1,1
2687,2,1,1,1
2688,4,1,4,2
2689,4,6,5,1
2690,0,0,1,1
2691,2,1,1,1
2692,4,1,4,11
2693,2,1,3,1
2694,1,3,0,1
2695,6,0,6,1
2696,1,3,3,5
2697,3,4,0,3
2698,2,1,0,1
2699,6,1,4,4
2700,0,5,1,3
2701,0,0,0,0
2702,5,1,1,1
2703,1,4,1,4
2704,3,4,2,1
2705,0,1,1,0
2706,1,1,4,1
2707,1,4,1,3
2708,3,3,2,1
2709,5,1,5,1
2710,1,5,1,3
2711,2,2,1,1
2712,4,2,2,2
2713,2,1,5,0
2714,1,4,1,0
2715,1,1,6,2
2716,8,3,7,0
2717,4,1,1,1
2718,1,4,1,1
2719,1,1,1,5
2720,1,2,1,3
2721,2,5,1,2
2722,3,1,1,1
2723,6,2,3,1
2724,2,1,0,1
2725,1,4,1,1
2726,6,1,1,0
2727,3,3,0,3
2728,3,5,1,5
2729,4,1,0,6
2730,4,1,1,4
2731,2,2,0,6
2732,1,1,0,1
2733,4,1,1,0
2734,2,2,4,9
2735,2,5,3,0
2736,2,2,2,1
2737,1,0,1,1
2738,3,7,3,3
2739,3,1,1,1
2740,5,1,5,4
2741,1,4,1,2
2742,1,1,1,1
2743,3,1,1,0
2744,1,1,3,5
2745,2,0,2,4
2746,1,1,1,13
2747,1,3,4,0
2748,1,6,2,4
2749,11,2,2,1
2750,5,1,1,1
2751,1,1,1,1
2752,0,5,2,0
2753,3,1,2,3
2754,4,2,5,4
2755,1,1,1,1
2756,2,2,1,1
2757,1,1,1,1
2758,2,1,4,1
2759,1,1,1,1
2760,2,2,0,2
2761,5,1,1,2
2762,1,1,4,8
2763,2,1,1,1
2764,5,2,2,1
2765,2,0,4,4
2766,1,4,1,0
2767,1,2,2,1
2768,5,2,6,4
2769,2,4,1,5
2770,0,0,1,1
2771,4,3,6,1
2772,3,1,5,2
2773,1,5,1,1
2774,1,1,1,1
2775,5,2,1,4
2776,2,0,0,4
2777,1,1,2,1
2778,3,1,5,0
2779,1,14,1,1
2780,2,2,1,1
2781,4,1,2,4
2782,7,3,3,1
2783,1,4,0,1
2784,1,3,1,1
2785,1,1,4,7
2786,2,2,3,1
2787,1,1,0,0
2788,1,0,0,0
2789,1,1,2,2
2790,0,4,0,0
2791,5,1,1,1
2792,1,1,4,1
2793,2,5,3,10
2794,1,1,1,1
2795,8,2,1,1
2796,1,6,1,3
2797,2,6,1,4
2798,3,1,1,1
2799,3,1,3,1
2800,3,1,2,3
2801,3,3,3,1
2802,3,1,1,5
2803,1,1,3,5
2804,1,5,1,3
2805,4,0,3,0
2806,2,1,0,0
2807,1,1,1,1
2808,3,1,2,1
2809,1,1,1,1
2810,3,2,1,1
2811,0,4,0,1
2812,3,3,3,4
2813,1,0,2,3
2814,1,1,0,1
2815,0,4,1,5
2816,6,3,3,3
2817,1,1,0,4
2818,8,1,1,1
2819,1,1,1,4
2820,3,4,5,4
2821,1,6,1,5
2822,1,1,1,1
2823,4,1,2,4
2824,4,3,8,4
2825,2,0,0,1
2826,5,1,1,1
2827,5,2,1,3
2828,1,6,1,2
2829,2,5,0,1
2830,5,1,1,1
2831,12,3,6,4
2832,3,4,1,1
2833,4,1,1,1
2834,0,4,1,1
2835,2,4,3,2
2836,1,4,0,0
2837,4,0,0,1
2838,0,3,4,0
2839,3,1,3,4
2840,12,0,0,0
2841,0,1,2,1
2842,0,1,1,3
2843,3,5,1,2
2844,5,1,0,0
2845,0,1,7,8
2846,1,5,3,3
2847,8,1,0,1
2848,2,1,4,1
2849,0,1,1,1
2850,3,4,3,1
2851,4,1,5,2
2852,1,4,3,1
2853,1,5,1,3
2854,7,3,4,1
2855,2,3,5,1
2856,0,5,1,5
2857,1,1,2,5
2858,1,2,2,1
2859,2,6,1,9
2860,0,5,4,7
2861,5,1,1,5
2862,2,1,4,1
2863,2,3,1,1
2864,0,1,0,2
2865,1,4,4,5
2866,1,1,0,1
2867,1,4,1,0
2868,4,1,6,3
2869,2,1,6,3
2870,1,1,0,1
2871,1,1,1,0
2872,4,1,1,0
2873,4,4,5,4
2874,2,1,0,1
2875,3,1,1,1
2876,1,1,2,1
2877,0,8,0,3
2878,2,1,0,0
2879,2,1,2,1
2880,1,3,3,7
2881,0,3,1,4
2882,5,1,1,1
2883,1,2,5,6
2884,1,1,5,2
2885,1,1,0,1
2886,1,1,2,1
2887,2,1,5,1
2888,3,7,2,5
2889,2,1,4,1
2890,0,0,4,0
2891,1,2,1,4
2892,1,0,2,1
2893,0,0,4,3
2894,0,1,1,4
2895,4,5,3,7
2896,1,1,1,1
2897,2,1,4,1
2898,1,3,1,3
2899,3,15,3,1
2900,1,1,5,1
2901,1,2,1,4
2902,1,5,2,6
2903,9,4,5,1
2904,1,0,4,1
2905,1,1,1,1
2906,1,1,1,5
2907,1,3,1,1
2908,2,1,1,8
2909,0,4,5,4
2910,4,4,8,1
2911,1,1,0,1
2912,3,2,1,7
2913,1,2,1,1
2914,4,2,1,5
2915,0,1,1,5
2916,2,7,0,5
2917,4,1,1,5
2918,6,4,1,4
2919,1,5,1,3
2920,2,1,1,1
2921,5,2,3,1
2922,3,3,1,4
2923,1,3,1,1
2924,5,1,6,0
2925,1,2,3,1
2926,4,4,4,5
2927,5,2,1,0
2928,7,1,5,1
2929,4,1,4,4
2930,0,1,1,4
2931,8,2,1,1
2932,1,1,5,1
2933,6,8,0,6
2934,1,1,1,1
2935,4,1,3,0
2936,2,1,2,1
2937,2,7,3,1
2938,3,1,1,1
2939,1,2,3,1
2940,0,1,3,1
2941,4,3,3,4
2942,7,5,0,0
2943,0,0,0,2
2944,1,2,4,5
2945,11,4,3,0
2946,2,2,4,1
2947,1,1,1,3
2948,1,1,1,5
2949,1,1,4,1
2950,1,1,0,1
2951,1,5,2,1
2952,5,2,2,1
2953,0,1,5,1
2954,2,2,0,5
2955,1,2,6,4
2956,1,3,5,3
2957,1,1,1,2
2958,0,3,0,1
2959,3,4,2,7
2960,1,3,6,1
2961,2,1,1,0
2962,1,0,1,0
2963,3,1,4,1
2964,2,3,3,1
2965,1,5,2,4
2966,4,0,5,0
2967,2,1,7,1
2968,0,1,1,1
2969,2,1,1,1
2970,4,0,3,1
2971,1,3,3,4
2972,1,5,1,5
2973,5,1,1,1
2974,4,2,11,4
2975,4,4,4,4
2976,1,1,1,1
2977,4,1,3,0
2978,0,1,1,3
2979,4,7,4,1
2980,7,0,1,1
2981,1,1,5,2
2982,3,1,2,1
2983,2,3,2,1
2984,8,2,4,0
2985,1,1,1,1
2986,0,4,2,4
2987,5,2,1,1
2988,1,1,1,1
2989,0,1,1,1
2990,5,5,4,5
2991,1,9,0,1
2992,1,2,1,1
2993,0,5,1,3
2994,9,5,4,4
2995,2,1,0,1
2996,1,2,1,0
2997,0,5,1,5
2998,7,4,5,4
2999,1,1,1,1
3000,1,5,1,5
3001,6,1,3,3
3002,1,2,5,4
3003,3,4,1,1
3004,1,3,4,2
3005,4,1,9,1
3006,1,1,1,2
3007,1,5,0,1
3008,6,1,1,1
