Transaction Number,CosmWasm (Tendermint),Hyperledger Besu (IBFT2),Ethereum (PoW)
1,5.35,5.57,6.94
2,5.43,4.95,12.17
3,5.35,4.69,36.12
4,5.45,4.8,4.19
5,5.4,5.68,7.29
6,5.43,4.74,37.23
7,5.4,4.63,37.26
8,5.44,5.52,20.22
9,5.36,4.48,18.89
10,5.51,5.48,23.07
11,5.44,4.47,18.99
12,5.38,5.49,25.16
13,5.57,4.46,6.08
14,5.6,5.56,56.18
15,5.44,4.47,17.07
16,5.35,5.57,36.1
17,5.38,4.48,4.11
18,5.32,5.57,44.06
19,5.33,4.61,19.08
20,5.4,4.56,5.15
21,5.35,5.57,2.95
22,5.42,4.67,20.99
23,5.37,5.59,9.1
24,5.43,4.52,28
25,5.41,5.5,8.94
26,5.46,4.59,12.95
27,5.4,5.46,19.02
28,5.39,4.52,10.04
29,5.46,5.49,72.16
30,5.43,4.64,19.95
31,5.33,4.58,9.91
32,5.35,5.64,20.16
33,5.38,4.63,9.98
34,5.31,5.48,16.18
35,5.53,4.59,16.21
36,5.36,5.49,7.93
37,5.41,4.8,4.01
38,5.36,4.55,8.99
39,5.34,5.56,9.99
40,5.37,4.54,17.01
41,5.43,5.47,36.09
42,5.46,4.64,10.16
43,5.61,4.51,8.14
44,5.45,5.54,8.92
45,5.38,4.51,8.05
46,5.35,5.53,12.08
47,5.33,4.54,4.13
48,5.33,5.5,17.07
49,5.36,4.47,19.05
50,5.45,5.51,5.03
51,5.45,4.47,11.02
52,5.37,5.68,14.22
53,5.5,4.52,28.05
54,5.39,5.52,22.18
55,5.32,4.61,9.98
56,5.38,4.66,8.97
57,5.45,5.57,26.04
58,5.37,4.58,43.36
59,5.46,5.52,26.05
60,5.44,4.55,31.2
61,5.34,5.54,21.2
62,5.35,4.79,11.02
63,5.53,4.51,19.97
64,5.35,5.64,43.15
65,5.36,4.62,6.03
66,5.3,5.56,10.89
67,5.43,4.61,8.15
68,5.35,4.52,15.99
69,5.35,5.51,8.04
70,5.34,4.47,8.9
71,5.55,5.52,7.94
72,5.36,4.53,5.99
73,5.39,5.54,44.11
74,5.47,4.58,46.38
75,5.32,5.57,21.09
76,5.43,4.59,19.94
77,5.37,5.51,3.94
78,5.34,4.62,22.43
79,5.33,5.47,7.99
80,5.43,4.66,23.05
81,5.36,4.49,64.22
82,5.43,5.5,3.89
83,5.45,4.49,17.94
84,5.35,5.73,25.18
85,5.34,4.49,23.22
86,5.37,4.72,28.05
87,5.48,5.52,3.96
88,5.36,4.65,34.04
89,5.33,5.5,16.98
90,5.35,4.56,10.92
91,5.33,5.48,10.19
92,5.35,4.5,19.08
93,5.34,5.55,20.89
94,5.45,4.53,14.89
95,5.34,5.53,8.97
96,5.35,4.55,9.91
97,5.44,5.51,8.93
98,5.39,4.57,7.98
99,5.39,5.48,18.97
100,5.47,4.61,12.02
101,5.45,4.48,5.91
102,5.43,5.57,6.1
103,5.53,4.46,16.16
104,5.36,5.51,7.95
105,5.34,5.45,16.23
106,5.35,4.54,14.28
107,5.35,4.46,5.06
108,5.55,5.56,4.86
109,5.44,4.48,33.98
110,5.36,5.58,9.15
111,5.56,4.56,14.97
112,5.34,5.58,15.02
113,5.35,4.56,4.99
114,5.37,5.55,4.97
115,5.33,4.64,9.05
116,5.35,4.6,48.21
117,5.36,5.54,16.99
118,5.32,4.5,24.11
119,5.37,5.47,4.99
120,5.43,4.66,39.09
121,5.45,5.47,9.1
122,5.35,4.57,26.98
123,5.33,5.45,28.49
124,5.45,4.51,17.14
125,5.37,5.49,14.98
126,5.54,4.54,11.96
127,5.38,5.5,8.12
128,5.55,4.54,23.01
129,5.33,5.5,8.96
130,5.35,4.56,7.09
131,5.47,5.49,3.91
132,5.45,4.63,5.95
133,5.35,4.46,40.12
134,5.46,5.55,15.99
135,5.36,4.52,50.04
136,5.51,5.5,5.94
137,5.44,4.5,19.94
138,5.33,5.5,43.17
139,5.45,4.45,38.84
140,5.34,5.67,36.3
141,5.36,4.46,15.01
142,5.37,5.48,22.19
143,5.43,4.61,20.97
144,5.34,5.72,4.94
145,5.44,4.65,45.1
146,5.45,4.64,16.02
147,5.34,5.53,23.03
148,5.35,4.61,15.97
149,5.38,5.56,71.16
150,5.44,4.64,15.03
151,5.52,4.5,8.09
152,5.54,5.6,15.11
153,5.34,4.57,11.98
154,5.4,5.51,31.09
155,5.33,4.49,14.96
156,5.33,5.48,34.05
157,5.36,4.52,36.45
158,5.39,5.49,21.26
159,5.48,4.47,36.22
160,5.53,5.47,10
161,5.34,4.56,6.11
162,5.38,5.48,17.02
163,5.47,4.46,21.01
164,5.47,5.5,9.92
165,5.54,4.48,12.94
166,5.35,5.52,14.14
167,5.38,4.5,24.02
168,5.36,5.53,18.02
169,5.34,4.55,35.1
170,5.45,5.5,61.19
171,5.36,4.56,14.03
172,5.33,5.49,35.2
173,5.39,4.56,5.93
174,5.4,5.54,7.99
175,5.35,4.54,3.97
176,5.33,4.54,13.04
177,5.33,5.65,11.23
178,5.37,4.55,50.15
179,5.44,5.5,16.07
180,5.46,4.53,3.92
181,5.35,5.6,44.39
182,5.33,4.74,4.39
183,5.45,4.56,9.97
184,5.38,5.58,9.94
185,5.4,4.73,21.96
186,5.43,5.49,3.93
187,5.31,4.72,6.09
188,5.47,4.52,7.96
189,5.35,5.59,26.18
190,5.36,4.53,32.14
191,5.37,5.58,25.67
192,5.37,4.57,8.07
193,5.45,5.48,33.62
194,5.32,4.69,32.53
195,5.36,4.48,12.7
196,5.51,5.56,8.49
197,5.35,4.49,14.35
198,5.35,5.48,32.32
199,5.35,4.48,47.14
200,5.33,5.5,24.46
201,5.37,4.46,13.52
202,5.51,5.48,33.08
203,5.45,5.47,15.91
204,5.35,4.46,20.46
205,5.35,5.47,9.17
206,5.43,4.59,4.95
207,5.34,4.48,13.47
208,5.36,5.72,6.54
209,5.37,4.6,35.33
210,5.42,5.59,26.95
211,5.43,4.52,5.76
212,5.46,5.6,39.42
213,5.45,4.51,7.78
214,5.35,4.51,32.77
215,5.35,5.66,54.72
216,5.43,4.5,32.46
217,5.37,5.58,16.7
218,5.33,4.63,18.17
219,5.39,5.43,17.35
220,5.35,4.58,27.02
221,5.33,5.48,32.56
222,5.44,4.57,17.26
223,5.35,4.52,75.11
224,5.43,5.52,6.15
225,5.45,4.48,13.96
226,5.35,5.57,20.12
227,5.44,4.5,45.56
228,5.46,5.52,14.44
229,5.57,4.54,13.74
230,5.33,5.65,10.23
231,5.37,4.56,80.13
232,5.37,5.46,17.25
233,5.42,4.53,47.37
234,5.44,5.48,18.11
235,5.37,4.52,18.48
236,5.36,5.51,24.97
237,5.53,4.51,33.5
238,5.33,5.49,15.14
239,5.56,4.48,48.92
240,5.33,5.5,5.28
241,5.43,4.53,58.62
242,5.44,5.6,18.35
243,5.33,4.57,52.35
244,5.33,4.54,7.46
245,5.37,5.52,21.98
246,5.43,4.6,20.94
247,5.36,5.71,29.25
248,5.45,4.72,21.3
249,5.34,4.46,8.33
250,5.33,5.49,6.52
251,5.48,4.55,18.11
252,5.47,5.59,11.03
253,5.39,4.54,13.8
254,5.43,5.5,107.84
255,5.35,4.55,19.98
256,5.33,5.49,7.45
257,5.33,4.53,53.58
258,5.44,5.48,6.95
259,5.35,4.51,9.45
260,5.34,5.56,33.38
261,5.39,4.48,31.36
262,5.38,5.53,7.39
263,5.4,4.49,18.41
264,5.35,5.46,11.4
265,5.35,4.54,10.33
266,5.33,5.48,10.09
267,5.43,4.5,10.23
268,5.47,5.48,11.62
269,5.36,4.55,29.43
270,5.33,5.45,15.78
271,5.37,4.53,31.82
272,5.61,5.46,12.4
273,5.53,4.49,32.15
274,5.36,5.52,13.64
275,5.35,4.52,32.34
276,5.37,5.57,13.96
277,5.45,4.6,17.03
278,5.36,4.54,16.76
279,5.34,5.55,13.38
280,5.34,4.57,36.95
281,5.37,5.5,8.6
282,5.43,4.54,13.17
283,5.44,5.52,11.26
284,5.49,4.55,11.27
285,5.43,5.57,26.2
286,5.33,4.56,6.83
287,5.42,5.51,10.61
288,5.34,4.66,15.03
289,5.35,4.5,19.82
290,5.33,5.59,26.67
291,5.44,4.51,21.64
292,5.43,5.53,34.55
293,5.36,4.49,58.06
294,5.36,5.54,42.99
295,5.46,4.53,22.05
296,5.36,5.56,20.26
297,5.31,4.58,8.47
298,5.34,5.47,13.05
299,5.34,4.52,15.54
300,5.34,5.5,4.02
301,5.37,4.61,20.39
302,5.44,5.46,48.52
303,5.44,4.53,26.97
304,5.44,5.49,31.26
305,5.47,4.56,62.58
306,5.35,4.48,12.59
307,5.35,5.61,15.07
308,5.38,4.54,8.32
309,5.44,5.51,88.33
310,5.33,4.54,15.17
311,5.48,5.73,17.09
312,5.45,4.95,8.19
313,5.49,4.76,7.08
314,5.44,4.86,53.21
315,5.34,4.91,17.33
316,5.35,4.86,11.94
317,5.4,5.55,9.22
318,5.54,4.23,11.25
319,5.33,5.66,10.12
320,5.35,4.61,37.32
321,5.35,5.58,55.49
322,5.34,4.93,4.1
323,5.33,4.68,10.04
324,5.37,4.59,12.08
325,5.42,5.66,8.1
326,5.34,4.65,8
327,5.48,5.47,29.02
328,5.35,4.53,42.16
329,5.33,5.48,32.3
330,5.33,4.49,39.19
331,5.36,5.55,42.25
332,5.38,4.52,4.12
333,5.33,5.51,14.07
334,5.46,4.53,20.13
335,5.56,5.47,24.07
336,5.48,4.59,5.09
337,5.34,4.56,59.18
338,5.43,5.65,22.12
339,5.46,4.57,19.99
340,5.51,5.59,15.68
341,5.54,4.66,51.61
342,5.44,4.6,30.18
343,5.35,5.45,35.25
344,5.34,4.51,6.25
345,5.43,5.55,7.08
346,5.36,4.47,37.49
347,5.45,5.51,32.49
348,5.53,4.44,13.18
349,5.34,5.5,23.17
350,5.43,4.47,18.55
351,5.36,5.51,7.03
352,5.45,4.48,9.37
353,5.46,5.45,67.87
354,5.35,5.49,11.28
355,5.34,4.58,12.76
356,5.45,4.47,43.1
357,5.36,5.51,32.18
358,5.46,5.45,11.04
359,5.4,4.62,7.5
360,5.42,4.49,18.12
361,5.37,5.61,15.11
362,5.43,4.49,35.11
363,5.57,5.72,35.33
364,5.43,4.63,17.17
365,5.33,4.62,17.28
366,5.36,5.54,15.1
367,5.37,4.7,23.04
368,5.36,5.54,73.39
369,5.34,4.81,10.08
370,5.33,4.6,22.21
371,5.38,5.47,61.48
372,5.49,4.62,4.03
373,5.48,5.45,31.05
374,5.45,4.51,41.42
375,5.46,5.44,52.2
376,5.33,4.61,8.15
377,5.38,5.46,22.2
378,5.42,4.56,17.07
379,5.39,5.46,7.08
380,5.34,4.53,14.31
381,5.33,5.47,13.26
382,5.37,4.6,14.22
383,5.46,4.51,20.19
384,5.33,5.61,20.18
385,5.33,4.52,39.17
386,5.36,5.55,33.15
387,5.38,4.52,18.24
388,5.47,5.51,39.18
389,5.46,4.48,26.66
390,5.45,5.61,29.61
391,5.53,4.62,20.52
392,5.56,4.59,10.66
393,5.37,5.59,57.76
394,5.35,4.68,49.79
395,5.34,5.55,43.89
396,5.4,4.78,16.61
397,5.42,4.66,10.87
398,5.35,5.5,21.63
399,5.4,4.53,91.7
400,5.46,5.51,62.69
401,5.41,4.59,19.61
402,5.39,5.5,7.6
403,5.42,4.71,22.57
404,5.43,4.58,43.66
405,5.37,5.46,83.75
406,5.43,4.5,68.69
407,5.43,5.52,32.66
408,5.34,4.46,13.61
409,5.43,5.55,16.54
410,5.33,4.45,73.56
411,5.38,5.52,11.68
412,5.45,4.55,13.54
413,5.36,5.54,7.54
414,5.33,4.5,39.58
415,5.35,5.63,71.71
416,5.36,4.53,9.66
417,5.44,4.66,18.55
418,5.5,5.56,28.64
419,5.35,4.64,18.61
420,5.34,5.49,19.63
421,5.44,4.54,18.79
422,5.37,5.55,19.82
423,5.45,4.48,10.79
424,5.45,5.49,10.32
425,5.42,4.51,33.83
426,5.47,5.46,40.61
427,5.42,4.57,12.52
428,5.35,5.46,66.57
429,5.36,4.51,11.63
430,5.36,5.48,47.93
431,5.35,4.5,19.91
432,5.44,5.48,35.94
433,5.38,4.53,32.91
434,5.36,5.47,8.14
435,5.61,4.5,7.98
436,5.32,5.5,16.89
437,5.5,4.51,8.86
438,5.44,5.47,19.89
439,5.34,4.59,18.88
440,5.46,5.51,24.91
441,5.35,4.5,37.94
442,5.36,5.47,20.96
443,5.36,4.57,10.88
444,5.45,5.55,20.74
445,5.5,4.46,20.74
446,5.47,5.59,10.91
447,5.49,4.64,9.05
448,5.39,4.48,43.97
449,5.36,5.59,22.95
450,5.34,4.54,6.84
451,5.43,5.54,7.2
452,5.37,4.52,12.93
453,5.46,5.46,7.09
454,5.46,4.71,11.96
455,5.35,5.49,22.98
456,5.36,4.66,9.01
457,5.36,4.46,9.01
458,5.36,5.58,18.07
459,5.42,4.5,7.9
460,5.54,5.55,7.97
461,5.53,4.56,16
462,5.34,5.48,6.96
463,5.37,4.55,29.88
464,5.45,5.49,5.93
465,5.36,4.52,16.91
466,5.48,5.48,57.05
467,5.44,4.5,25.96
468,5.41,5.52,20.89
469,5.33,4.61,48.92
470,5.35,5.49,13.04
471,5.36,4.54,50.96
472,5.45,5.56,38.99
473,5.46,4.55,28.89
474,5.35,4.53,19.93
475,5.45,5.54,32.38
476,5.35,4.56,14.2
477,5.37,5.54,7.47
478,5.29,4.51,17.21
479,5.54,5.55,11.22
480,5.47,4.54,8.18
481,5.34,5.57,9.13
482,5.34,4.64,50.17
483,5.45,4.55,11.22
484,5.34,5.48,9.2
485,5.37,4.48,17.23
486,5.34,5.56,18.22
487,5.42,4.46,8.16
488,5.52,5.53,10.32
489,5.46,4.46,14.21
490,5.36,5.56,30.15
491,5.43,4.46,10.21
492,5.33,5.52,22.21
493,5.44,4.5,7.15
494,5.35,5.46,19.21
495,5.37,4.52,69.28
496,5.36,5.51,10.29
497,5.45,4.45,16.22
498,5.34,5.49,13.28
499,5.44,4.45,7.18
500,5.34,5.49,25.17
501,5.47,5.46,34.22
502,5.47,4.61,22.17
503,5.35,4.47,23.18
504,5.34,5.59,9.14
505,5.46,4.45,31.13
506,5.38,5.55,60.24
507,5.43,4.48,41.35
508,5.33,5.55,6.24
509,5.35,4.58,11.19
510,5.33,5.59,34.18
511,5.36,4.64,12.19
512,5.43,4.53,8.2
513,5.33,5.61,35.37
514,5.33,4.51,23.18
515,5.37,5.58,8.23
516,5.34,4.59,9.17
517,5.45,5.5,16.13
518,5.42,4.59,31.16
519,5.56,5.47,15.2
520,5.35,4.67,45.2
521,5.33,4.5,43.22
522,5.45,5.63,24.19
523,5.34,4.51,25.26
524,5.34,5.51,25.2
525,5.38,4.51,17.21
526,5.48,5.52,54.36
527,5.53,4.53,20.16
528,5.34,5.57,16.22
529,5.49,4.47,7.12
530,5.43,5.56,11.14
531,5.34,4.59,40.18
532,5.34,5.49,16.23
533,5.37,4.58,14.18
534,5.39,5.53,19.2
535,5.33,4.7,14.26
536,5.44,4.59,7.21
537,5.35,5.5,33.19
538,5.44,4.59,23.23
539,5.4,5.51,43.35
540,5.48,4.58,7.88
541,5.41,5.52,17.95
542,5.35,4.58,13.11
543,5.32,4.54,25.94
544,5.44,5.61,25.91
545,5.43,4.54,38.96
546,5.54,5.56,20.9
547,5.43,4.55,34.99
548,5.33,5.67,6.92
549,5.37,4.7,9.9
550,5.33,4.62,44.96
551,5.37,5.47,11.01
552,5.49,4.56,10.89
553,5.33,5.44,33.9
554,5.4,4.5,11.94
555,5.52,5.49,12.92
556,5.48,4.47,43.92
557,5.47,5.49,14.91
558,5.34,4.54,73.96
559,5.36,5.49,9.96
560,5.52,4.52,5.82
561,5.36,5.48,22.9
562,5.34,4.52,19.9
563,5.33,5.47,24.02
564,5.46,4.5,21.93
565,5.37,5.53,13.92
566,5.35,4.52,15.12
567,5.38,5.48,8.87
568,5.56,4.49,26.87
569,5.35,5.54,22.93
570,5.37,4.54,14.95
571,5.46,5.6,53.95
572,5.33,4.54,30.89
573,5.35,4.74,11.92
574,5.36,5.6,15.91
575,5.33,4.7,20.89
576,5.37,4.52,14.9
577,5.43,5.51,9.95
578,5.34,4.51,10.89
579,5.35,5.5,32.99
580,5.45,4.47,15.95
581,5.33,5.49,30.94
582,5.35,4.58,13.02
583,5.33,5.54,9.87
584,5.45,4.47,14.98
585,5.37,5.56,28.94
586,5.39,4.51,13.97
587,5.36,5.53,36.89
588,5.33,4.58,8.93
589,5.37,5.51,6.9
590,5.42,4.54,14.94
591,5.43,5.47,33.9
592,5.48,4.55,33.9
593,5.52,5.53,10.97
594,5.51,4.68,6.93
595,5.36,4.5,7.03
596,5.56,5.57,16.99
597,5.37,4.51,7.93
598,5.35,5.5,16.97
599,5.34,4.46,36.98
600,5.36,5.55,30.9
601,5.54,4.47,26.96
602,5.36,5.55,16.91
603,5.56,4.62,6.9
604,5.44,5.62,51.94
605,5.35,4.76,58.94
606,5.35,4.83,19.65
607,5.37,4.54,11.34
608,5.59,5.59,8.17
609,5.44,4.48,7.21
610,5.34,5.56,27.19
611,5.36,4.48,6.2
612,5.33,5.5,10.18
613,5.35,4.46,21.2
614,5.34,5.47,8.15
615,5.37,4.49,8.21
616,5.38,5.5,17.18
617,5.35,4.45,17.28
618,5.33,5.48,32.23
619,5.33,5.44,51.2
620,5.45,4.55,36.22
621,5.42,5.43,11.21
622,5.35,4.54,63.21
623,5.33,5.45,80.25
624,5.46,4.62,18.2
625,5.43,4.54,28.2
626,5.54,5.51,40.16
627,5.29,4.5,22.95
628,5.43,5.47,19.21
629,5.4,5.5,18.19
630,5.34,4.66,20.17
631,5.44,4.47,18.21
632,5.53,5.55,49.19
633,5.44,4.5,28.13
634,5.46,5.75,92.19
635,5.43,4.55,35.15
636,5.45,4.58,36.11
637,5.37,5.54,21.3
638,5.54,4.59,16.1
639,5.46,5.51,20.11
640,5.36,4.62,6.26
641,5.35,5.53,30.17
642,5.34,4.58,8.19
643,5.34,5.47,17.16
644,5.39,4.5,10.17
645,5.41,5.46,51.19
646,5.38,4.46,26.12
647,5.54,5.52,45.21
648,5.44,4.56,12.17
649,5.38,5.47,13.14
650,5.5,4.64,27.2
651,5.42,4.51,42.13
652,5.43,5.52,9.2
653,5.36,4.45,14.14
654,5.45,5.44,8.14
655,5.43,5.53,12.13
656,5.44,4.49,56.26
657,5.36,5.46,15.15
658,5.35,4.58,15.58
659,5.47,5.46,12.16
660,5.35,4.68,13.21
661,5.36,4.5,45.18
662,5.32,5.53,39.15
663,5.33,4.49,8.17
664,5.55,5.53,48.13
665,5.42,4.59,26.73
666,5.34,5.54,46.45
667,5.45,4.49,66.23
668,5.41,5.57,75.23
669,5.35,4.66,52.25
670,5.37,4.5,21.21
671,5.34,5.47,14.18
672,5.35,4.52,54.25
673,5.4,5.53,19.21
674,5.56,4.44,15.23
675,5.49,5.52,25.2
676,5.45,5.48,24.27
677,5.34,4.56,7.21
678,5.45,4.45,11.15
679,5.32,5.56,8.28
680,5.46,4.43,32.82
681,5.36,5.57,57.2
682,5.45,4.46,8.19
683,5.37,5.58,13.23
684,5.36,4.54,30.23
685,5.34,5.5,23.2
686,5.34,4.55,26.25
687,5.43,5.57,31.22
688,5.44,4.65,20.33
689,5.43,5.53,61.29
690,5.55,4.61,13.29
691,5.36,4.56,20.59
692,5.35,5.59,69.19
693,5.56,4.55,10.19
694,5.43,5.53,91.24
695,5.55,4.6,9.17
696,5.36,5.47,30.6
697,5.35,4.52,40.56
698,5.33,5.49,49.05
699,5.43,4.54,8.2
700,5.35,5.5,17.17
701,5.35,4.55,28.24
702,5.33,5.47,9.17
703,5.35,4.55,17.17
704,5.36,5.48,92.28
705,5.56,4.48,42.07
706,5.33,5.46,34.2
707,5.33,4.51,14.26
708,5.36,5.44,21.2
709,5.45,4.48,26.17
710,5.37,5.5,21.74
711,5.44,4.56,54.17
712,5.43,5.46,25.22
713,5.44,4.5,17.56
714,5.34,5.46,22.51
715,5.37,4.46,88.52
716,5.45,5.55,23.4
717,5.34,4.48,7.9
718,5.36,5.6,11.77
719,5.34,4.57,21.48
720,5.44,5.46,27.2
721,5.35,4.73,17.19
722,5.36,4.47,21.11
723,5.34,5.51,22.18
724,5.43,4.49,47.35
725,5.36,5.52,22.74
726,5.38,4.57,27.12
727,5.45,5.46,72.7
728,5.46,4.46,12.82
729,5.38,5.45,18.48
730,5.35,4.44,23.19
731,5.43,5.54,27.55
732,5.4,4.46,31.59
733,5.3,5.56,17.61
734,5.53,4.47,7.79
735,5.43,5.49,6.13
736,5.34,5.48,14.8
737,5.37,4.49,14.26
738,5.43,5.46,12.46
739,5.33,4.48,9.34
740,5.45,5.47,13.27
741,5.33,4.56,34.45
742,5.38,5.47,13.34
743,5.31,4.59,7.53
744,5.44,4.49,25.49
745,5.33,5.5,27.16
746,5.46,4.67,26.6
747,5.32,5.5,14.29
748,5.33,4.58,25.8
749,5.38,5.54,54.33
750,5.43,4.53,11.35
751,5.34,5.59,41.3
752,5.44,4.62,6.76
753,5.35,4.58,13.28
754,5.35,5.5,43.72
755,5.35,4.45,70.13
756,5.35,5.47,67.39
757,5.33,4.47,29.16
758,5.36,5.45,88.54
759,5.34,5.45,8.44
760,5.43,4.46,35.77
761,5.37,5.49,13.35
762,5.31,4.44,18.9
763,5.35,5.49,31.62
764,5.36,4.47,21.17
765,5.43,5.48,21.77
766,5.37,4.46,29.39
767,5.35,5.48,11.51
768,5.33,4.48,9.31
769,5.36,5.46,35.8
770,5.35,4.54,24.68
771,5.57,5.49,9.49
772,5.37,4.46,34.88
773,5.41,5.51,23.86
774,5.38,4.48,26.47
775,5.43,5.59,28.06
776,5.35,4.45,17.3
777,5.46,5.47,17.76
778,5.45,4.5,13.67
779,5.44,5.56,10.67
780,5.46,4.56,40.31
781,5.56,5.56,28.15
782,5.34,4.58,47.81
783,5.44,5.54,20.83
784,5.34,4.51,45.26
785,5.38,5.53,15.96
786,5.3,4.44,12.06
787,5.56,5.54,11.83
788,5.35,4.49,52.25
789,5.35,5.49,22.72
790,5.46,4.55,14.56
791,5.47,5.45,20.16
792,5.33,4.5,24.99
793,5.35,5.47,36.87
794,5.35,4.49,18.11
795,5.44,5.49,77.49
796,5.35,4.46,10.85
797,5.49,5.47,27.2
798,5.45,4.52,35.03
799,5.35,5.47,15.75
800,5.34,4.46,15.5
801,5.35,5.46,18.29
802,5.36,4.48,42.37
803,5.46,5.46,64.44
804,5.45,4.47,67.36
805,5.32,5.49,37.83
806,5.45,4.5,14.12
807,5.48,5.54,37.54
808,5.35,4.45,10.26
809,5.38,5.48,9.17
810,5.41,4.57,17.55
811,5.47,5.56,54.48
812,5.42,4.53,14.49
813,5.45,5.54,13.22
814,5.43,4.5,8.13
815,5.44,5.48,11.98
816,5.37,4.57,10.21
817,5.44,5.49,14.33
818,5.33,4.65,19.7
819,5.47,5.51,7.16
820,5.36,4.46,35.37
821,5.39,5.49,82.66
822,5.45,4.48,39.33
823,5.33,5.56,31.4
824,5.44,4.52,19.68
825,5.39,5.49,11.14
826,5.44,4.51,15.94
827,5.43,5.48,24.19
828,5.43,4.45,17.71
829,5.45,5.49,35.63
830,5.33,4.51,31.46
831,5.37,5.5,9.87
832,5.35,4.44,6.54
833,5.34,5.49,50.75
834,5.36,4.47,46.79
835,5.34,5.46,37.5
836,5.34,4.5,31.86
837,5.44,5.48,17.29
838,5.34,4.56,71.26
839,5.35,5.49,35.26
840,5.42,4.48,26
841,5.36,5.6,10.82
842,5.35,4.51,17.07
843,5.43,4.66,27.85
844,5.36,5.58,6.83
845,5.42,4.59,13.13
846,5.37,5.56,22.89
847,5.4,4.47,18.22
848,5.44,5.53,12.58
849,5.35,4.5,22.03
850,5.37,5.47,14.17
851,5.33,4.56,8.06
852,5.44,5.5,9.47
853,5.35,4.5,10.64
854,5.35,5.48,16.75
855,5.35,4.47,26.79
856,5.47,5.51,17.18
857,5.34,4.48,38.23
858,5.36,5.47,77.01
859,5.46,4.51,12.16
860,5.34,5.49,6.54
861,5.34,4.47,11.24
862,5.34,5.44,38.71
863,5.46,4.47,12.79
864,5.36,5.48,20.14
865,5.34,4.46,7.19
866,5.4,5.48,75.34
867,5.44,5.45,13.2
868,5.4,4.47,106.59
869,5.43,5.5,57.69
870,5.33,4.46,8.92
871,5.36,5.5,28.2
872,5.37,4.53,7.2
873,5.42,5.52,26.54
874,5.42,4.63,20.63
875,5.34,4.52,9.25
876,5.36,5.46,73.69
877,5.45,4.47,24.12
878,5.37,5.51,19.43
879,5.43,5.47,34.38
880,5.37,4.48,9.52
881,5.42,5.46,10.97
882,5.34,4.49,16.49
883,5.47,5.5,9.24
884,5.52,4.51,21.63
885,5.34,5.51,75.78
886,5.34,4.51,8.98
887,5.36,5.46,43.73
888,5.36,4.56,37.18
889,5.38,5.44,9.79
890,5.43,4.48,85.28
891,5.37,5.45,63.03
892,5.45,4.49,16.22
893,5.34,5.48,8.21
894,5.34,4.47,17.14
895,5.35,5.53,14.13
896,5.49,4.54,16.14
897,5.57,5.55,19.15
898,5.36,4.49,21.19
899,5.37,5.51,16.52
900,5.31,4.55,36.23
901,5.54,4.6,15.4
902,5.34,5.63,18.61
903,5.36,4.56,16.45
904,5.45,5.54,19.86
905,5.45,4.58,86.24
906,5.46,5.47,9.23
907,5.53,4.52,23.13
908,5.34,5.48,8.18
909,5.39,4.54,24.02
910,5.43,5.52,21.47
911,5.38,4.5,26.16
912,5.6,5.45,7.16
913,5.33,4.51,11.17
914,5.37,5.45,16.37
915,5.53,4.47,73.32
916,5.46,5.46,11.29
917,5.35,4.51,36.18
918,5.33,5.52,8.19
919,5.32,4.48,25.19
920,5.4,5.54,15.49
921,5.33,4.48,16.19
922,5.34,5.49,27.57
923,5.46,4.5,7.8
924,5.44,5.48,30.21
925,5.34,4.57,10.13
926,5.44,5.53,10.66
927,5.33,4.53,26.28
928,5.38,5.49,13.23
929,5.49,4.46,17.19
930,5.35,5.49,21.13
931,5.34,4.48,21.91
932,5.35,5.56,9.51
933,5.35,4.46,15.05
934,5.39,5.53,15.15
935,5.45,4.48,60.23
936,5.35,5.5,85.62
937,5.43,4.51,28.69
938,5.47,5.46,12.19
939,5.39,4.57,76.56
940,5.38,5.52,42.32
941,5.37,4.51,24.84
942,5.34,5.54,36.39
943,5.35,4.44,8.15
944,5.45,5.48,8.14
945,5.34,4.58,9.6
946,5.35,5.53,14.16
947,5.34,4.64,26.24
948,5.38,4.61,37.55
949,5.55,5.49,9.19
950,5.35,4.52,20.79
951,5.46,5.51,8.61
952,5.45,4.53,10.56
953,5.34,5.55,35.07
954,5.33,4.5,6.19
955,5.36,5.53,8.48
956,5.38,4.49,37.31
957,5.36,5.57,20.73
958,5.35,4.54,8.96
959,5.44,5.54,49.47
960,5.33,4.49,25.8
961,5.33,5.48,11.71
962,5.33,4.51,24.11
963,5.36,5.48,35.33
964,5.31,4.51,8.3
965,5.43,5.49,23.28
966,5.46,4.5,39.32
967,5.35,5.52,14.19
968,5.36,4.44,9.17
969,5.38,5.48,24.26
970,5.4,4.46,9.64
971,5.38,5.5,7.61
972,5.44,4.57,41.2
973,5.35,5.47,16.24
974,5.46,4.48,18.2
975,5.35,5.53,17.18
976,5.47,4.46,15.23
977,5.33,5.54,46.49
978,5.37,4.5,19.61
979,5.28,5.51,16.24
980,5.44,4.52,12.16
981,5.33,5.46,12.13
982,5.46,4.57,9.65
983,5.4,5.47,21.19
984,5.3,4.49,16.28
985,5.49,5.48,47.25
986,5.45,4.51,28.25
987,5.37,5.48,12.21
988,5.35,4.48,13.2
989,5.33,5.47,56.21
990,5.35,4.5,35.18
991,5.44,5.59,74.43
992,5.54,4.54,23.23
993,5.43,5.5,28.22
994,5.45,4.52,16.23
995,5.37,5.47,35.28
996,5.48,4.56,9.2
997,5.45,5.5,9.24
998,5.43,4.7,53.35
999,5.36,4.57,23.21
1000,5.35,5.49,97.74
